Date,Airline,Flight,From,To,Dep Terminal,Dep Gate,Arr Terminal,Arr Gate,Canceled,Diverted To,Gate Departure (Scheduled),Gate Departure (Actual),Take off (Scheduled),Take off (Actual),Landing (Scheduled),Landing (Actual),Gate Arrival (Scheduled),Gate Arrival (Actual),Aircraft Type Name,Tail Number,PNR,Seat,Seat Type,Cabin Class,Flight Reason,Notes,Flight Flighty ID,Airline Flighty ID,Departure Airport Flighty ID,Arrival Airport Flighty ID,Diverted To Airport Flighty ID,Aircraft Type Flighty ID
2017-06-09,JAI,2416,JAI,DEL,2,,T3,,false,,2017-06-09T16:45,2017-06-09T16:35,,,,,2017-06-09T17:50,2017-06-09T17:45,ATR 72,,,,,,,,7c149338-de3a-4ebc-b673-4955f323eba9,b6bd9f68-b434-4e67-a048-402f1e22c762,c52c9eb0-75f3-4d33-9ac8-f6eda420d345,8efaad68-a8cb-45c5-b819-dfeb8cbe505b,,00069458-a1cb-42ac-889d-8c259cc8e679
2017-06-09,AIC,16,DEL,ATQ,T3,,,,false,,2017-06-09T17:15,2017-06-09T19:06,,,,,2017-06-09T18:20,2017-06-09T20:12,Airbus A319,,,,,,,,40b5ed0b-fd80-45ad-955c-20d4022d71ed,b13dde84-41e3-49fa-8a3c-536ee9eda8b0,8efaad68-a8cb-45c5-b819-dfeb8cbe505b,63f2eaf7-1d01-4dec-885a-3526a493447a,,fb8254ff-1d83-4fe1-a147-882c217dfcbe
2017-07-13,JAI,2662,ATQ,DEL,,,T3,,false,,2017-07-13T10:35,2017-07-13T10:38,,,,,2017-07-13T11:45,2017-07-13T12:20,Boeing 737-800,,,,,,,,2c0a33ec-0d95-403a-9445-c836dca8e4f4,b6bd9f68-b434-4e67-a048-402f1e22c762,63f2eaf7-1d01-4dec-885a-3526a493447a,8efaad68-a8cb-45c5-b819-dfeb8cbe505b,,8ad8530e-acd0-42bf-abc5-1e70c4a076bf
2017-07-13,JAI,832,DEL,MAA,T3,,1,,false,,2017-07-13T16:00,2017-07-13T16:03,,,,,2017-07-13T18:50,2017-07-13T18:43,Boeing 737-800,,,,,,,,b79d1f91-1b45-4d54-91f4-6c11622a0614,b6bd9f68-b434-4e67-a048-402f1e22c762,8efaad68-a8cb-45c5-b819-dfeb8cbe505b,8bd85156-345c-4511-88b4-74f7fdec70cd,,8ad8530e-acd0-42bf-abc5-1e70c4a076bf
2017-09-04,JAI,2537,BLR,MAA,,,1,,false,,2017-09-04T09:10,2017-09-04T08:58,,,,,2017-09-04T10:10,2017-09-04T10:05,ATR 72,,,,,,,,2baa0186-44e6-42dd-83fd-f52f3ea32a3e,b6bd9f68-b434-4e67-a048-402f1e22c762,7b6f50fc-f249-4a6d-8ad8-791f650de9b8,8bd85156-345c-4511-88b4-74f7fdec70cd,,00069458-a1cb-42ac-889d-8c259cc8e679
2017-09-14,AIC,43,MAA,DEL,4,,T3,,false,,2017-09-14T21:10,2017-09-14T21:28,,,,,2017-09-14T23:55,2017-09-15T00:21,Boeing 777-200 LR,,,,,,,,9576e889-cb06-49e3-ba70-8e5005ddb7d4,b13dde84-41e3-49fa-8a3c-536ee9eda8b0,8bd85156-345c-4511-88b4-74f7fdec70cd,8efaad68-a8cb-45c5-b819-dfeb8cbe505b,,d2ced67b-2371-4059-8857-9a4528621b4b
2017-09-15,AIC,453,DEL,ATQ,T3,,,,false,,2017-09-15T05:00,2017-09-15T04:51,,,,,2017-09-15T06:10,2017-09-15T06:02,Airbus A321,,,,,,,,6433426a-3bb4-489a-8a67-eea70563e704,b13dde84-41e3-49fa-8a3c-536ee9eda8b0,8efaad68-a8cb-45c5-b819-dfeb8cbe505b,63f2eaf7-1d01-4dec-885a-3526a493447a,,5904cdc2-eccf-41fe-8345-e82a51d3269c
2017-09-19,IGO,637,ATQ,DEL,,,T1C,,false,,2017-09-19T16:55,,,,,,2017-09-19T18:10,2017-09-19T17:37,Airbus A320,,,,,,,,904d4bbe-8406-471c-9cae-3a8d14ee9164,6138dc1e-c866-4da6-bda7-f7f9c9d30784,63f2eaf7-1d01-4dec-885a-3526a493447a,8efaad68-a8cb-45c5-b819-dfeb8cbe505b,,dd390a1f-e92a-4411-ab72-04db16d42030
2017-09-19,IGO,162,DEL,MAA,T1D,,,,false,,2017-09-19T20:20,2017-09-19T20:20,,,,,2017-09-19T23:10,,Airbus A320,,,,,,,,0d285f30-9676-4ff5-a34a-7be158671ebe,6138dc1e-c866-4da6-bda7-f7f9c9d30784,8efaad68-a8cb-45c5-b819-dfeb8cbe505b,8bd85156-345c-4511-88b4-74f7fdec70cd,,dd390a1f-e92a-4411-ab72-04db16d42030
2017-10-17,SEJ,3301,MAA,BLR,,16,,,false,,2017-10-17T06:05,2017-10-17T05:51,,,,,2017-10-17T07:05,2017-10-17T06:38,DHC-8 Dash 8,,,,,,,,df87addd-835f-4743-b01a-5fea735b222b,43048755-6d55-48d4-a0b7-051f05a98145,8bd85156-345c-4511-88b4-74f7fdec70cd,7b6f50fc-f249-4a6d-8ad8-791f650de9b8,,70e122f7-2815-461f-b1f7-5a7cc248a469
2017-10-17,IGO,477,BLR,ATQ,,,,,false,,2017-10-17T10:00,2017-10-17T10:00,,,,,2017-10-17T12:50,,Airbus A320,,,,,,,,f35d554b-02c5-43ac-aae3-adb052451dea,6138dc1e-c866-4da6-bda7-f7f9c9d30784,7b6f50fc-f249-4a6d-8ad8-791f650de9b8,63f2eaf7-1d01-4dec-885a-3526a493447a,,dd390a1f-e92a-4411-ab72-04db16d42030
2017-10-22,JAI,739,ATQ,DEL,,,T3,,false,,2017-10-22T19:05,2017-10-22T19:02,,,,,2017-10-22T20:15,2017-10-22T20:11,Boeing 737-800,,,,,,,,7792a8cf-de1b-48ca-8629-fe6ed9b562f1,b6bd9f68-b434-4e67-a048-402f1e22c762,63f2eaf7-1d01-4dec-885a-3526a493447a,8efaad68-a8cb-45c5-b819-dfeb8cbe505b,,8ad8530e-acd0-42bf-abc5-1e70c4a076bf
2017-10-22,JAI,739,DEL,MAA,T3,,1,,false,,2017-10-22T21:00,2017-10-22T21:02,,,,,2017-10-22T23:40,2017-10-22T23:43,Boeing 737-800,,,,,,,,cecd7e1a-8d4c-4b95-9a73-5c376ee749bd,b6bd9f68-b434-4e67-a048-402f1e22c762,8efaad68-a8cb-45c5-b819-dfeb8cbe505b,8bd85156-345c-4511-88b4-74f7fdec70cd,,8ad8530e-acd0-42bf-abc5-1e70c4a076bf
2017-12-23,AIC,440,MAA,DEL,1,,T3,,false,,2017-12-23T06:10,2017-12-23T06:47,,,,,2017-12-23T08:55,2017-12-23T09:33,Airbus A321,,,,,,,,2b324f88-4a53-4603-8a9f-c2279613bf7c,b13dde84-41e3-49fa-8a3c-536ee9eda8b0,8bd85156-345c-4511-88b4-74f7fdec70cd,8efaad68-a8cb-45c5-b819-dfeb8cbe505b,,5904cdc2-eccf-41fe-8345-e82a51d3269c
2017-12-23,VTI,797,DEL,ATQ,3,,,,false,,2017-12-23T13:40,2017-12-23T13:44,,,,,2017-12-23T14:50,2017-12-23T15:05,Airbus A320,,,,,,,,76d05bc5-f457-4497-9548-bfa6617d8a47,8eb49091-e9b4-4422-9a36-9792a06d30cc,8efaad68-a8cb-45c5-b819-dfeb8cbe505b,63f2eaf7-1d01-4dec-885a-3526a493447a,,dd390a1f-e92a-4411-ab72-04db16d42030
2018-01-06,IGO,478,ATQ,BLR,,,,,false,,2018-01-06T16:20,2018-01-06T16:12,,,,,2018-01-06T19:30,2018-01-06T19:24,Airbus A320,,,,,,,,432a8657-6171-4124-a6d1-124c698408b1,6138dc1e-c866-4da6-bda7-f7f9c9d30784,63f2eaf7-1d01-4dec-885a-3526a493447a,7b6f50fc-f249-4a6d-8ad8-791f650de9b8,,dd390a1f-e92a-4411-ab72-04db16d42030
2018-01-06,JAI,2736,BLR,MAA,,,1,,false,,2018-01-06T22:30,2018-01-06T22:45,,,,,2018-01-06T23:45,2018-01-07T00:00,ATR 72,,,,,,,,8154ac86-bad5-420f-9090-e30d2a890d12,b6bd9f68-b434-4e67-a048-402f1e22c762,7b6f50fc-f249-4a6d-8ad8-791f650de9b8,8bd85156-345c-4511-88b4-74f7fdec70cd,,00069458-a1cb-42ac-889d-8c259cc8e679
2018-01-10,AIC,462,ATQ,DEL,,,T3,,false,,2018-01-10T14:45,2018-01-10T14:57,,,,,2018-01-10T15:50,2018-01-10T16:03,Boeing 787-8,,,,,,,,e47f58ab-9646-4bad-8d6d-e65a50a76eb9,b13dde84-41e3-49fa-8a3c-536ee9eda8b0,63f2eaf7-1d01-4dec-885a-3526a493447a,8efaad68-a8cb-45c5-b819-dfeb8cbe505b,,4f948d40-962a-4fdf-b1d9-424282d24f76
2018-01-10,IGO,613,DEL,MAA,T1D,,,,false,,2018-01-10T18:05,2018-01-10T18:08,,,,,2018-01-10T21:00,2018-01-10T20:58,Airbus A320,,,,,,,,8f5480d8-25ed-4cf6-8e5f-9654b86d60d0,6138dc1e-c866-4da6-bda7-f7f9c9d30784,8efaad68-a8cb-45c5-b819-dfeb8cbe505b,8bd85156-345c-4511-88b4-74f7fdec70cd,,dd390a1f-e92a-4411-ab72-04db16d42030
2018-03-02,IGO,704,MAA,DEL,1,,T1C,,false,,2018-03-02T22:35,2018-03-02T22:51,,,,,2018-03-03T01:25,2018-03-03T01:40,Airbus A320neo,,,,,,,,6eefb5a8-0011-4301-94da-99094a430a49,6138dc1e-c866-4da6-bda7-f7f9c9d30784,8bd85156-345c-4511-88b4-74f7fdec70cd,8efaad68-a8cb-45c5-b819-dfeb8cbe505b,,fc3bd268-833c-40f4-a74c-9512dabcbe08
2018-03-03,IGO,524,DEL,ATQ,T1D,,,,false,,2018-03-03T05:15,2018-03-03T05:14,,,,,2018-03-03T06:25,2018-03-03T06:10,Airbus A320,,,,,,,,24d23af3-f9af-47e5-a3a0-d884441c678f,6138dc1e-c866-4da6-bda7-f7f9c9d30784,8efaad68-a8cb-45c5-b819-dfeb8cbe505b,63f2eaf7-1d01-4dec-885a-3526a493447a,,dd390a1f-e92a-4411-ab72-04db16d42030
2018-03-10,SEJ,328,ATQ,DEL,,02,T1C,,false,,2018-03-10T18:35,2018-03-10T18:33,,,,,2018-03-10T19:40,2018-03-10T19:45,Boeing 737-800,,,,,,,,8462dc3e-a31e-47a2-acaf-d7a0fad58391,43048755-6d55-48d4-a0b7-051f05a98145,63f2eaf7-1d01-4dec-885a-3526a493447a,8efaad68-a8cb-45c5-b819-dfeb8cbe505b,,8ad8530e-acd0-42bf-abc5-1e70c4a076bf
2018-03-10,SEJ,328,DEL,MAA,T1D,5B,,,false,,2018-03-10T20:30,2018-03-10T20:30,,,,,2018-03-10T23:20,2018-03-10T23:15,Boeing 737-800,,,,,,,,16b1b0e7-be25-465b-a383-587ae2a0f5a8,43048755-6d55-48d4-a0b7-051f05a98145,8efaad68-a8cb-45c5-b819-dfeb8cbe505b,8bd85156-345c-4511-88b4-74f7fdec70cd,,8ad8530e-acd0-42bf-abc5-1e70c4a076bf
2018-05-20,AIC,440,MAA,DEL,1,,T3,,false,,2018-05-20T06:10,2018-05-20T06:10,,,,,2018-05-20T08:55,2018-05-20T08:55,Airbus A321,,,,,,,,ed71f5a4-9663-4838-b3be-3f391705d000,b13dde84-41e3-49fa-8a3c-536ee9eda8b0,8bd85156-345c-4511-88b4-74f7fdec70cd,8efaad68-a8cb-45c5-b819-dfeb8cbe505b,,5904cdc2-eccf-41fe-8345-e82a51d3269c
2018-05-20,JAI,824,DEL,ATQ,3,,,,false,,2018-05-20T12:25,2018-05-20T12:32,,,,,2018-05-20T13:35,2018-05-20T13:40,Boeing 737-800,,,,,,,,752e35f0-19a9-45eb-8146-83316ba2b265,b6bd9f68-b434-4e67-a048-402f1e22c762,8efaad68-a8cb-45c5-b819-dfeb8cbe505b,63f2eaf7-1d01-4dec-885a-3526a493447a,,8ad8530e-acd0-42bf-abc5-1e70c4a076bf
2018-06-13,VTI,798,ATQ,DEL,,,3,,false,,2018-06-13T15:25,,,,,,2018-06-13T16:35,2018-06-13T16:35,Airbus A320,,,,,,,,707cd61a-258a-458f-8a65-5ed403e42a05,8eb49091-e9b4-4422-9a36-9792a06d30cc,63f2eaf7-1d01-4dec-885a-3526a493447a,8efaad68-a8cb-45c5-b819-dfeb8cbe505b,,dd390a1f-e92a-4411-ab72-04db16d42030
2018-06-16,AIC,114,DEL,ATQ,T3,,,,false,,2018-06-16T12:15,2018-06-16T12:05,,,,,2018-06-16T13:15,2018-06-16T13:18,Boeing 787-8,,,,,,,,2aa3a165-e233-4780-885d-444f3a7caf36,b13dde84-41e3-49fa-8a3c-536ee9eda8b0,8efaad68-a8cb-45c5-b819-dfeb8cbe505b,63f2eaf7-1d01-4dec-885a-3526a493447a,,4f948d40-962a-4fdf-b1d9-424282d24f76
2018-06-25,AIC,462,ATQ,DEL,,,T3,,false,,2018-06-25T14:45,2018-06-25T14:30,,,,,2018-06-25T15:50,2018-06-25T15:40,Boeing 787-8,,,,,,,,a303804a-2c64-4e28-86c7-698ad21b5f15,b13dde84-41e3-49fa-8a3c-536ee9eda8b0,63f2eaf7-1d01-4dec-885a-3526a493447a,8efaad68-a8cb-45c5-b819-dfeb8cbe505b,,4f948d40-962a-4fdf-b1d9-424282d24f76
2018-06-25,AIC,42,DEL,MAA,T3,,4,,false,,2018-06-25T17:20,2018-06-25T17:22,,,,,2018-06-25T20:10,2018-06-25T20:28,Airbus A320neo,,,,,,,,e8c3af04-656b-480f-bfb2-1ec32eee5382,b13dde84-41e3-49fa-8a3c-536ee9eda8b0,8efaad68-a8cb-45c5-b819-dfeb8cbe505b,8bd85156-345c-4511-88b4-74f7fdec70cd,,fc3bd268-833c-40f4-a74c-9512dabcbe08
2018-08-17,JAI,828,MAA,DEL,1,,T3,,false,,2018-08-17T02:05,2018-08-17T01:53,,,,,2018-08-17T04:55,2018-08-17T04:33,Boeing 737-800,,,,,,,,37de863d-802a-4aa5-8929-3ca43c3d5a2b,b6bd9f68-b434-4e67-a048-402f1e22c762,8bd85156-345c-4511-88b4-74f7fdec70cd,8efaad68-a8cb-45c5-b819-dfeb8cbe505b,,8ad8530e-acd0-42bf-abc5-1e70c4a076bf
2018-08-17,JAI,364,DEL,ATQ,T3,,,,false,,2018-08-17T08:15,2018-08-17T08:19,,,,,2018-08-17T09:30,2018-08-17T09:22,Boeing 737-800,,,,,,,,5c3e5bde-daca-4f4a-8ab3-fc2bfc345dd4,b6bd9f68-b434-4e67-a048-402f1e22c762,8efaad68-a8cb-45c5-b819-dfeb8cbe505b,63f2eaf7-1d01-4dec-885a-3526a493447a,,8ad8530e-acd0-42bf-abc5-1e70c4a076bf
2018-08-20,JAI,795,ATQ,DEL,,,T3,,false,,2018-08-20T10:10,2018-08-20T10:15,,,,,2018-08-20T11:30,2018-08-20T11:40,Boeing 737-800,,,,,,,,6ef4d069-8f0d-4830-9aba-75e68e0714a7,b6bd9f68-b434-4e67-a048-402f1e22c762,63f2eaf7-1d01-4dec-885a-3526a493447a,8efaad68-a8cb-45c5-b819-dfeb8cbe505b,,8ad8530e-acd0-42bf-abc5-1e70c4a076bf
2018-08-20,JAI,798,DEL,MAA,T3,,1,,false,,2018-08-20T14:00,2018-08-20T13:55,,,,,2018-08-20T17:00,2018-08-20T16:35,Boeing 737-900ER,,,,,,,,fb707cc0-8d39-45ba-9b72-b45d336c35ca,b6bd9f68-b434-4e67-a048-402f1e22c762,8efaad68-a8cb-45c5-b819-dfeb8cbe505b,8bd85156-345c-4511-88b4-74f7fdec70cd,,24012541-435d-4a27-af8a-4791336f1965
2018-11-25,IAD,2386,MAA,BLR,1,03,,,false,,2018-11-25T08:30,2018-11-25T09:17,,,,,2018-11-25T10:00,2018-11-25T10:27,Airbus A320,,,,,,,,ae8d1bed-bc79-4717-bd21-fe1fe850eb60,8b9f0d15-4b1d-4030-b3c6-f6d82dfdb2f9,8bd85156-345c-4511-88b4-74f7fdec70cd,7b6f50fc-f249-4a6d-8ad8-791f650de9b8,,dd390a1f-e92a-4411-ab72-04db16d42030
2018-11-25,IAD,1628,BLR,ATQ,,,,,false,,2018-11-25T15:55,2018-11-25T16:03,,,,,2018-11-25T19:00,2018-11-25T19:13,Airbus A320,,,,,,,,9fddd68d-8c12-4b6b-93f6-969d0a9567c2,8b9f0d15-4b1d-4030-b3c6-f6d82dfdb2f9,7b6f50fc-f249-4a6d-8ad8-791f650de9b8,63f2eaf7-1d01-4dec-885a-3526a493447a,,dd390a1f-e92a-4411-ab72-04db16d42030
2018-12-02,AIC,115,ATQ,DEL,,,T3,,false,,2018-12-02T19:00,,,,,,2018-12-02T20:10,2018-12-02T20:04,Airbus A321,,,,,,,,d3af8e25-6ae1-4f50-b13f-75a9eb7f930f,b13dde84-41e3-49fa-8a3c-536ee9eda8b0,63f2eaf7-1d01-4dec-885a-3526a493447a,8efaad68-a8cb-45c5-b819-dfeb8cbe505b,,5904cdc2-eccf-41fe-8345-e82a51d3269c
2018-12-03,QTR,579,DEL,DOH,3,,,,false,,2018-12-03T03:40,2018-12-03T03:43,,,,,2018-12-03T05:45,2018-12-03T05:35,Airbus A350-900,,,,,,,,2a3e4151-a669-4991-98c2-5c8bfb97dd46,bbe2cc40-79ca-446a-8105-cbb932b064f0,8efaad68-a8cb-45c5-b819-dfeb8cbe505b,570ae63e-c342-4fdb-b344-554184c13f1b,,0f7e0145-14a5-4c47-aa84-f03b1ff28cd0
2018-12-03,QTR,713,DOH,IAH,,E1,D,5,false,,2018-12-03T08:00,2018-12-03T08:07,,,,,2018-12-03T15:30,,Boeing 777-200 LR,,,,,,,,7679063c-80b4-4f44-b767-b8191ad757ce,bbe2cc40-79ca-446a-8105-cbb932b064f0,570ae63e-c342-4fdb-b344-554184c13f1b,9a82d843-2e36-4dba-8a6c-ea86d70b316b,,d2ced67b-2371-4059-8857-9a4528621b4b
2018-12-05,SWA,361,HOU,MSY,,,,,false,,2018-12-05T10:35,2018-12-05T10:34,,,,,2018-12-05T11:40,2018-12-05T11:31,Boeing 737-700,,,,,,,,db687790-ae05-4a89-b05c-bd4a34a2df05,be4c4286-2c02-4dca-86d4-56e19aa348f7,44f745ca-154b-4d48-ba97-c5d9ad5d3ff7,f874b6f5-ac69-41f2-8cf4-76cf1a1aca9c,,ec6b2abe-069a-4181-b632-6e9d3086a9d3
2018-12-18,SWA,751,MSY,HOU,,,,,false,,2018-12-18T16:55,2018-12-18T16:49,,,,,2018-12-18T18:10,2018-12-18T17:57,Boeing 737-700,,,,,,,,38b09f03-3df0-4950-9a0f-4a3db0e45375,be4c4286-2c02-4dca-86d4-56e19aa348f7,f874b6f5-ac69-41f2-8cf4-76cf1a1aca9c,44f745ca-154b-4d48-ba97-c5d9ad5d3ff7,,ec6b2abe-069a-4181-b632-6e9d3086a9d3
2018-12-26,QTR,714,IAH,DOH,D,5,,,false,,2018-12-26T17:55,2018-12-26T18:11,,,,,2018-12-27T17:15,2018-12-27T18:00,Boeing 777-200 LR,,,,,,,,db1c44b0-c073-48fe-a7ca-414cbc36afd0,bbe2cc40-79ca-446a-8105-cbb932b064f0,9a82d843-2e36-4dba-8a6c-ea86d70b316b,570ae63e-c342-4fdb-b344-554184c13f1b,,d2ced67b-2371-4059-8857-9a4528621b4b
2018-12-27,QTR,578,DOH,DEL,,C3,T3,,false,,2018-12-27T19:45,2018-12-27T19:53,,,,,2018-12-28T02:05,2018-12-28T01:45,Airbus A350-900,,,,,,,,a221bc25-291a-4f3e-8c2e-02adbf0777a4,bbe2cc40-79ca-446a-8105-cbb932b064f0,570ae63e-c342-4fdb-b344-554184c13f1b,8efaad68-a8cb-45c5-b819-dfeb8cbe505b,,0f7e0145-14a5-4c47-aa84-f03b1ff28cd0
2018-12-28,AIC,453,DEL,ATQ,T3,,,,false,,2018-12-28T05:00,2018-12-28T05:00,,,,,2018-12-28T06:10,,Airbus A320,,,,,,,,0a848a66-cfef-4f58-80d2-9957a1ecb9c0,b13dde84-41e3-49fa-8a3c-536ee9eda8b0,8efaad68-a8cb-45c5-b819-dfeb8cbe505b,63f2eaf7-1d01-4dec-885a-3526a493447a,,dd390a1f-e92a-4411-ab72-04db16d42030
2019-01-08,IGO,107,ATQ,HYD,,,,,false,,2019-01-08T11:40,2019-01-08T12:10,,,,,2019-01-08T14:25,2019-01-08T14:52,Airbus A320,,,,,,,,f3956b0c-d471-456f-a073-fe459c96bec4,6138dc1e-c866-4da6-bda7-f7f9c9d30784,63f2eaf7-1d01-4dec-885a-3526a493447a,7e3ff90d-d508-4b3f-9e19-7c0ea6b603b5,,dd390a1f-e92a-4411-ab72-04db16d42030
2019-01-08,IGO,381,HYD,MAA,,,1,,false,,2019-01-08T16:45,2019-01-08T16:39,,,,,2019-01-08T18:00,2019-01-08T17:50,Airbus A320,,,,,,,,70edc2c0-3de7-4495-bc09-83436f6a1ca7,6138dc1e-c866-4da6-bda7-f7f9c9d30784,7e3ff90d-d508-4b3f-9e19-7c0ea6b603b5,8bd85156-345c-4511-88b4-74f7fdec70cd,,dd390a1f-e92a-4411-ab72-04db16d42030
2019-02-04,AIC,43,MAA,DEL,4,,T3,,false,,2019-02-04T21:05,,,,,,2019-02-04T23:55,2019-02-04T23:47,Airbus A320neo,,,,,,,,43c18ff6-5a3d-44a4-aa04-0eabc32439f0,b13dde84-41e3-49fa-8a3c-536ee9eda8b0,8bd85156-345c-4511-88b4-74f7fdec70cd,8efaad68-a8cb-45c5-b819-dfeb8cbe505b,,fc3bd268-833c-40f4-a74c-9512dabcbe08
2019-02-08,AIC,118,ATQ,DEL,,,T3,,false,,2019-02-08T09:15,,,,,,2019-02-08T10:30,2019-02-08T11:13,Boeing 787-8,,,,,,,,f7ee2d41-4b8d-4691-acac-f512235293da,b13dde84-41e3-49fa-8a3c-536ee9eda8b0,63f2eaf7-1d01-4dec-885a-3526a493447a,8efaad68-a8cb-45c5-b819-dfeb8cbe505b,,4f948d40-962a-4fdf-b1d9-424282d24f76
2019-02-08,AIC,42,DEL,MAA,T3,,4,,false,,2019-02-08T17:20,2019-02-08T17:20,,,,,2019-02-08T20:00,,Airbus A320neo,,,,,,,,f308cd00-b62e-4d7b-9aa2-0469c3459d74,b13dde84-41e3-49fa-8a3c-536ee9eda8b0,8efaad68-a8cb-45c5-b819-dfeb8cbe505b,8bd85156-345c-4511-88b4-74f7fdec70cd,,fc3bd268-833c-40f4-a74c-9512dabcbe08
2019-03-05,IGO,2907,MAA,DEL,1,,T2,,false,,2019-03-05T17:15,2019-03-05T17:25,,,,,2019-03-05T20:05,2019-03-05T20:45,Airbus A320,,,,,,,,54a35034-8cdd-4413-9f33-6070162e048e,6138dc1e-c866-4da6-bda7-f7f9c9d30784,8bd85156-345c-4511-88b4-74f7fdec70cd,8efaad68-a8cb-45c5-b819-dfeb8cbe505b,,dd390a1f-e92a-4411-ab72-04db16d42030
2019-03-05,IGO,2894,DEL,ATQ,T2,,,,false,,2019-03-05T21:30,2019-03-05T21:21,,,,,2019-03-05T22:45,2019-03-05T22:39,Airbus A320neo,,,,,,,,e5feea1d-05b7-48ce-97f5-589c2013cec2,6138dc1e-c866-4da6-bda7-f7f9c9d30784,8efaad68-a8cb-45c5-b819-dfeb8cbe505b,63f2eaf7-1d01-4dec-885a-3526a493447a,,fc3bd268-833c-40f4-a74c-9512dabcbe08
2019-03-10,IGO,107,ATQ,HYD,,,,,false,,2019-03-10T11:40,2019-03-10T14:20,,,,,2019-03-10T14:15,2019-03-10T16:56,Airbus A320,,,,,,,,9b348a21-b993-4636-9723-1cc73d67688e,6138dc1e-c866-4da6-bda7-f7f9c9d30784,63f2eaf7-1d01-4dec-885a-3526a493447a,7e3ff90d-d508-4b3f-9e19-7c0ea6b603b5,,dd390a1f-e92a-4411-ab72-04db16d42030
2019-03-10,IGO,381,HYD,MAA,,,1,,false,,2019-03-10T16:35,2019-03-10T16:23,,,,,2019-03-10T17:50,,Airbus A320neo,,,,,,,,ebf89b13-b0ef-4601-9ec6-d7eead35eed0,6138dc1e-c866-4da6-bda7-f7f9c9d30784,7e3ff90d-d508-4b3f-9e19-7c0ea6b603b5,8bd85156-345c-4511-88b4-74f7fdec70cd,,fc3bd268-833c-40f4-a74c-9512dabcbe08
2019-05-28,IGO,2622,MAA,DEL,1,,T2,,false,,2019-05-28T00:05,2019-05-28T00:25,,,,,2019-05-28T02:55,2019-05-28T02:50,Airbus A320,,,,,,,,8b9eaa04-3ae5-4198-bde7-38ec9307a9f8,6138dc1e-c866-4da6-bda7-f7f9c9d30784,8bd85156-345c-4511-88b4-74f7fdec70cd,8efaad68-a8cb-45c5-b819-dfeb8cbe505b,,dd390a1f-e92a-4411-ab72-04db16d42030
2019-05-28,IGO,2524,DEL,ATQ,T2,,,,false,,2019-05-28T05:15,2019-05-28T05:04,,,,,2019-05-28T06:25,2019-05-28T06:14,Airbus A320neo,,,,,,,,6b7351c9-27d7-4c13-967d-318016b66936,6138dc1e-c866-4da6-bda7-f7f9c9d30784,8efaad68-a8cb-45c5-b819-dfeb8cbe505b,63f2eaf7-1d01-4dec-885a-3526a493447a,,fc3bd268-833c-40f4-a74c-9512dabcbe08
2019-06-02,VTI,707,ATQ,DEL,,,3,49,false,,2019-06-02T15:20,2019-06-02T15:34,,,,,2019-06-02T16:35,2019-06-02T16:36,Airbus A320neo,,,,,,,,da770ce0-5d8f-4438-8574-bb461cac567b,8eb49091-e9b4-4422-9a36-9792a06d30cc,63f2eaf7-1d01-4dec-885a-3526a493447a,8efaad68-a8cb-45c5-b819-dfeb8cbe505b,,fc3bd268-833c-40f4-a74c-9512dabcbe08
2019-06-02,AIC,540,DEL,MAA,T3,,1,,false,,2019-06-02T20:40,2019-06-02T20:40,,,,,2019-06-02T23:35,,Airbus A321,,,,,,,,f2915767-9d21-441a-ac71-5bde821366a0,b13dde84-41e3-49fa-8a3c-536ee9eda8b0,8efaad68-a8cb-45c5-b819-dfeb8cbe505b,8bd85156-345c-4511-88b4-74f7fdec70cd,,5904cdc2-eccf-41fe-8345-e82a51d3269c
2019-08-10,SEJ,678,MAA,BOM,,,1,,false,,2019-08-10T05:50,,,,,,2019-08-10T07:40,2019-08-10T07:35,Boeing 737-900ER,,,,,,,,34d74462-aaae-4ff2-9ab7-1e48816bee34,43048755-6d55-48d4-a0b7-051f05a98145,8bd85156-345c-4511-88b4-74f7fdec70cd,2a6e27e3-f8ac-493e-adef-ee363a722a29,,24012541-435d-4a27-af8a-4791336f1965
2019-08-10,SEJ,6371,BOM,ATQ,2,,,,false,,2019-08-10T12:00,,,,,,2019-08-10T14:55,,Boeing 737-800,,,,,,,,01f3329e-4488-4a0c-adf0-d1a9a82ed29c,43048755-6d55-48d4-a0b7-051f05a98145,2a6e27e3-f8ac-493e-adef-ee363a722a29,63f2eaf7-1d01-4dec-885a-3526a493447a,,8ad8530e-acd0-42bf-abc5-1e70c4a076bf
2019-08-18,IGO,2694,ATQ,DEL,,,T2,,false,,2019-08-18T13:50,,,,,,2019-08-18T15:25,,Airbus A320,,,,,,,,7630a448-de96-4635-ae1a-d7cd9ca11990,6138dc1e-c866-4da6-bda7-f7f9c9d30784,63f2eaf7-1d01-4dec-885a-3526a493447a,8efaad68-a8cb-45c5-b819-dfeb8cbe505b,,dd390a1f-e92a-4411-ab72-04db16d42030
2019-08-18,IGO,2124,DEL,MAA,T2,,1,,false,,2019-08-18T18:05,2019-08-18T18:05,,,,,2019-08-18T20:55,,Airbus A320,,,,,,,,ebc30263-aad2-4176-b65f-135a3adcbe07,6138dc1e-c866-4da6-bda7-f7f9c9d30784,8efaad68-a8cb-45c5-b819-dfeb8cbe505b,8bd85156-345c-4511-88b4-74f7fdec70cd,,dd390a1f-e92a-4411-ab72-04db16d42030
2019-09-26,VTI,822,MAA,BOM,1,6,2,65B,false,,2019-09-26T08:40,2019-09-26T09:03,,,,,2019-09-26T10:35,2019-09-26T10:48,Boeing 737-800,,,,,,,,9e94b5ec-a1a8-48cc-af55-ead9ce9cb779,8eb49091-e9b4-4422-9a36-9792a06d30cc,8bd85156-345c-4511-88b4-74f7fdec70cd,2a6e27e3-f8ac-493e-adef-ee363a722a29,,8ad8530e-acd0-42bf-abc5-1e70c4a076bf
2019-09-26,VTI,635,BOM,ATQ,2,87B,,2C,false,,2019-09-26T13:15,2019-09-26T13:25,,,,,2019-09-26T15:40,2019-09-26T15:54,Airbus A320,,,,,,,,846c5352-38a9-4d62-b7ec-6c94b0a46169,8eb49091-e9b4-4422-9a36-9792a06d30cc,2a6e27e3-f8ac-493e-adef-ee363a722a29,63f2eaf7-1d01-4dec-885a-3526a493447a,,dd390a1f-e92a-4411-ab72-04db16d42030
2019-10-07,IGO,448,ATQ,BOM,,,1,,false,,2019-10-07T13:35,,,,,,2019-10-07T16:20,2019-10-07T16:18,Airbus A320,,,,,,,,4ac23a89-0e64-46e7-a044-333800524ce5,6138dc1e-c866-4da6-bda7-f7f9c9d30784,63f2eaf7-1d01-4dec-885a-3526a493447a,2a6e27e3-f8ac-493e-adef-ee363a722a29,,dd390a1f-e92a-4411-ab72-04db16d42030
2019-10-07,IGO,675,BOM,MAA,1,,1,,false,,2019-10-07T19:30,,,,,,2019-10-07T21:30,,Airbus A320,,,,,,,,36635aa8-ff3a-4d69-b755-a465f7d3819d,6138dc1e-c866-4da6-bda7-f7f9c9d30784,2a6e27e3-f8ac-493e-adef-ee363a722a29,8bd85156-345c-4511-88b4-74f7fdec70cd,,dd390a1f-e92a-4411-ab72-04db16d42030
2019-11-27,IGO,5005,MAA,DEL,1,,T3,5,false,,2019-11-27T20:45,,,,,,2019-11-27T23:40,2019-11-28T00:11,Airbus A320neo,,,,,,,,87356191-b02a-41ad-8720-258928bf9f7c,6138dc1e-c866-4da6-bda7-f7f9c9d30784,8bd85156-345c-4511-88b4-74f7fdec70cd,8efaad68-a8cb-45c5-b819-dfeb8cbe505b,,fc3bd268-833c-40f4-a74c-9512dabcbe08
2019-11-28,IGO,5016,DEL,ATQ,T3,42A,,,false,,2019-11-28T05:15,,,,,,2019-11-28T06:30,,Airbus A320,,,,,,,,4a8f0c7b-0f51-4873-85ef-c5744369f80f,6138dc1e-c866-4da6-bda7-f7f9c9d30784,8efaad68-a8cb-45c5-b819-dfeb8cbe505b,63f2eaf7-1d01-4dec-885a-3526a493447a,,dd390a1f-e92a-4411-ab72-04db16d42030
2020-01-02,IGO,478,ATQ,BLR,,,,,false,,2020-01-02T16:15,2020-01-02T16:29,,,,,2020-01-02T19:30,2020-01-02T19:23,Airbus A320,,,,,,,,5067c3ff-a5b3-401c-856d-3f7d489070e4,6138dc1e-c866-4da6-bda7-f7f9c9d30784,63f2eaf7-1d01-4dec-885a-3526a493447a,7b6f50fc-f249-4a6d-8ad8-791f650de9b8,,dd390a1f-e92a-4411-ab72-04db16d42030
2020-01-02,SEJ,3318,BLR,MAA,1,6,T1,,false,,2020-01-02T21:55,2020-01-02T22:04,,,,,2020-01-02T23:05,2020-01-02T22:59,DHC-8-400 Dash 8Q,,,,,,,,9aa7d0b8-8a29-4f82-a9be-f7290178f6c3,43048755-6d55-48d4-a0b7-051f05a98145,7b6f50fc-f249-4a6d-8ad8-791f650de9b8,8bd85156-345c-4511-88b4-74f7fdec70cd,,59b23fcb-b36b-49f7-9fb9-b1dc2a1a47d1
2020-02-06,IGO,311,MAA,PNQ,T1,,,,false,,2020-02-06T11:45,2020-02-06T12:06,,,,,2020-02-06T13:25,2020-02-06T13:41,Airbus A320,,,,,,,,1050985b-2f80-470b-9586-7b0b4b7b2ba3,6138dc1e-c866-4da6-bda7-f7f9c9d30784,8bd85156-345c-4511-88b4-74f7fdec70cd,2169e3d7-4340-4d38-9d99-40eb56b95ce6,,dd390a1f-e92a-4411-ab72-04db16d42030
2020-02-09,IGO,302,PNQ,MAA,,,T1,,false,,2020-02-09T13:55,2020-02-09T14:18,,,,,2020-02-09T15:55,2020-02-09T16:00,Airbus A320,,,,,,,,552abd1d-be69-491c-87fe-76eed2b82a99,6138dc1e-c866-4da6-bda7-f7f9c9d30784,2169e3d7-4340-4d38-9d99-40eb56b95ce6,8bd85156-345c-4511-88b4-74f7fdec70cd,,dd390a1f-e92a-4411-ab72-04db16d42030
2020-02-13,IGO,2588,MAA,DEL,1,,2,206,false,,2020-02-13T15:05,2020-02-13T15:01,,,,,2020-02-13T18:10,2020-02-13T17:51,Airbus A320neo,,,,,,,,cb0d6295-93eb-48dc-8c5a-afd6bdd683de,6138dc1e-c866-4da6-bda7-f7f9c9d30784,8bd85156-345c-4511-88b4-74f7fdec70cd,8efaad68-a8cb-45c5-b819-dfeb8cbe505b,,fc3bd268-833c-40f4-a74c-9512dabcbe08
2020-02-13,IGO,5024,DEL,ATQ,3,54,,,false,,2020-02-13T21:00,2020-02-13T21:06,,,,,2020-02-13T22:15,2020-02-13T22:12,Airbus A320neo,,,,,,,,e62e4dd9-b701-4d0f-9fe1-6f52a49d4b5c,6138dc1e-c866-4da6-bda7-f7f9c9d30784,8efaad68-a8cb-45c5-b819-dfeb8cbe505b,63f2eaf7-1d01-4dec-885a-3526a493447a,,fc3bd268-833c-40f4-a74c-9512dabcbe08
2020-02-18,IGO,5026,ATQ,DEL,,,T3,2,false,,2020-02-18T22:45,,,,,,2020-02-19T00:05,,Airbus A320neo,,,,,,,,9bcf8ffa-0b9b-457c-b6ad-68c9337cc932,6138dc1e-c866-4da6-bda7-f7f9c9d30784,63f2eaf7-1d01-4dec-885a-3526a493447a,8efaad68-a8cb-45c5-b819-dfeb8cbe505b,,fc3bd268-833c-40f4-a74c-9512dabcbe08
2020-02-19,IGO,5006,DEL,MAA,T3,47,1,,false,,2020-02-19T02:00,,,,,,2020-02-19T04:55,,Airbus A320,,,,,,,,d28503b6-5a71-4fb2-a45e-fada36be756e,6138dc1e-c866-4da6-bda7-f7f9c9d30784,8efaad68-a8cb-45c5-b819-dfeb8cbe505b,8bd85156-345c-4511-88b4-74f7fdec70cd,,dd390a1f-e92a-4411-ab72-04db16d42030
2020-03-16,SEJ,6289,MAA,BOM,1,03,2,,false,,2020-03-16T06:35,2020-03-16T06:29,,,,,2020-03-16T08:35,2020-03-16T08:20,Boeing 737-800,,,,,,,,415318c8-2675-42d1-ab60-8be01ca52468,43048755-6d55-48d4-a0b7-051f05a98145,8bd85156-345c-4511-88b4-74f7fdec70cd,2a6e27e3-f8ac-493e-adef-ee363a722a29,,8ad8530e-acd0-42bf-abc5-1e70c4a076bf
2020-03-16,SEJ,6371,BOM,ATQ,2,86B,,,false,,2020-03-16T12:25,2020-03-16T12:20,,,,,2020-03-16T14:55,2020-03-16T14:57,Boeing 737-800,,,,,,,,35053783-20fb-4c20-8be9-9b5d496f3d76,43048755-6d55-48d4-a0b7-051f05a98145,2a6e27e3-f8ac-493e-adef-ee363a722a29,63f2eaf7-1d01-4dec-885a-3526a493447a,,8ad8530e-acd0-42bf-abc5-1e70c4a076bf
2020-12-11,IGO,6845,ATQ,BLR,,,,,false,,2020-12-11T11:10,2020-12-11T11:06,,,,,2020-12-11T14:00,2020-12-11T14:21,Airbus A320,,,,,,,,48af00af-7672-433b-87e8-afe5c9438037,6138dc1e-c866-4da6-bda7-f7f9c9d30784,63f2eaf7-1d01-4dec-885a-3526a493447a,7b6f50fc-f249-4a6d-8ad8-791f650de9b8,,5abf9f45-a4ac-48dc-bd62-b6b0a6f31bb8
2020-12-11,IGO,6189,BLR,MAA,,3,1,,false,,2020-12-11T16:45,2020-12-11T16:35,,,,,2020-12-11T17:40,2020-12-11T17:31,Airbus A320,,,,,,,,00a9cb2b-1125-421b-820b-a12fd2f4465f,6138dc1e-c866-4da6-bda7-f7f9c9d30784,7b6f50fc-f249-4a6d-8ad8-791f650de9b8,8bd85156-345c-4511-88b4-74f7fdec70cd,,5abf9f45-a4ac-48dc-bd62-b6b0a6f31bb8
2020-12-12,IGO,2752,MAA,DEL,1,,2,,false,,2020-12-12T17:05,2020-12-12T17:02,,,,,2020-12-12T20:05,2020-12-12T19:44,Airbus A320,,,,,,,,3aeb1778-31ee-46ea-a3f8-618581f79442,6138dc1e-c866-4da6-bda7-f7f9c9d30784,8bd85156-345c-4511-88b4-74f7fdec70cd,8efaad68-a8cb-45c5-b819-dfeb8cbe505b,,5abf9f45-a4ac-48dc-bd62-b6b0a6f31bb8
2020-12-13,VTI,691,DEL,ATQ,3,44B,,,false,,2020-12-13T13:45,2020-12-13T13:55,,,,,,2020-12-13T15:18,Airbus A320,,,,,,,,31ec3e70-fe97-4dcc-a15f-8d45ef3d92ab,8eb49091-e9b4-4422-9a36-9792a06d30cc,8efaad68-a8cb-45c5-b819-dfeb8cbe505b,63f2eaf7-1d01-4dec-885a-3526a493447a,,5abf9f45-a4ac-48dc-bd62-b6b0a6f31bb8
2021-07-25,GOW,203,DEL,IXL,2,201,,,false,,2021-07-25T06:30,2021-07-25T06:14,,,,,,2021-07-25T07:30,Airbus A320,,,,,,,,5b00ca9e-979c-4898-9681-a2713f36cec0,bd483a2f-6595-4962-aa4b-1ad6ee167525,8efaad68-a8cb-45c5-b819-dfeb8cbe505b,329c1c7c-0ef7-4cbf-a1c4-5d7b052d2e4b,,5abf9f45-a4ac-48dc-bd62-b6b0a6f31bb8
2021-07-30,GOW,226,IXL,DEL,,,2,206,false,,2021-07-30T10:30,2021-07-30T10:19,,,,,,2021-07-30T11:34,Airbus A320,,,,,,,,51a03828-915a-4a63-b69b-b128d2b23d42,bd483a2f-6595-4962-aa4b-1ad6ee167525,329c1c7c-0ef7-4cbf-a1c4-5d7b052d2e4b,8efaad68-a8cb-45c5-b819-dfeb8cbe505b,,5abf9f45-a4ac-48dc-bd62-b6b0a6f31bb8
2021-08-01,SEJ,3788,DEL,ATQ,3,,,,false,,2021-08-01T17:20,2021-08-01T19:25,,,,,,2021-08-01T20:45,,,,,,,,,10034c9d-400f-4e6a-8936-36fdb42acfd9,43048755-6d55-48d4-a0b7-051f05a98145,8efaad68-a8cb-45c5-b819-dfeb8cbe505b,63f2eaf7-1d01-4dec-885a-3526a493447a,,
2021-10-14,VTI,692,ATQ,DEL,,,3,,false,,2021-10-14T15:25,2021-10-14T15:24,,,,,,2021-10-14T16:37,Airbus A320neo,,,,,,,,77c03a89-6f92-4861-bfbf-93215aaef011,8eb49091-e9b4-4422-9a36-9792a06d30cc,63f2eaf7-1d01-4dec-885a-3526a493447a,8efaad68-a8cb-45c5-b819-dfeb8cbe505b,,fc3bd268-833c-40f4-a74c-9512dabcbe08
2021-10-17,AIC,479,DEL,ATQ,3,29A,,,false,,2021-10-17T21:15,2021-10-17T21:33,,,,,,2021-10-17T22:44,Airbus A321,,,,,,,,1fe4ef81-b8f9-4105-940a-9c5a73901cd7,b13dde84-41e3-49fa-8a3c-536ee9eda8b0,8efaad68-a8cb-45c5-b819-dfeb8cbe505b,63f2eaf7-1d01-4dec-885a-3526a493447a,,5904cdc2-eccf-41fe-8345-e82a51d3269c
2022-02-14,VTI,694,ATQ,DEL,,,3,,false,,2022-02-14T09:55,2022-02-14T10:04,,,,,,2022-02-14T11:10,Airbus A320,,,,,,,,8285da70-a61a-4fd5-8a3a-615afb71687f,8eb49091-e9b4-4422-9a36-9792a06d30cc,63f2eaf7-1d01-4dec-885a-3526a493447a,8efaad68-a8cb-45c5-b819-dfeb8cbe505b,,5abf9f45-a4ac-48dc-bd62-b6b0a6f31bb8
2022-02-14,AIC,467,DEL,VGA,3,34B,,,false,,2022-02-14T17:45,2022-02-14T17:48,,,,,,2022-02-14T20:15,Airbus A321,,,,,,,,f271c9f1-8171-4598-a17e-3344c4147736,b13dde84-41e3-49fa-8a3c-536ee9eda8b0,8efaad68-a8cb-45c5-b819-dfeb8cbe505b,b6d74976-cb8f-4878-af41-bd1726d05750,,5904cdc2-eccf-41fe-8345-e82a51d3269c
2022-02-16,AIC,468,VGA,DEL,,,3,,false,,2022-02-16T20:40,2022-02-16T21:09,,,,,2022-02-16T22:55,2022-02-16T23:19,Airbus A321,,,,,,,,f008bd26-4215-44e5-a524-0e5fd59e1f67,b13dde84-41e3-49fa-8a3c-536ee9eda8b0,b6d74976-cb8f-4878-af41-bd1726d05750,8efaad68-a8cb-45c5-b819-dfeb8cbe505b,,5904cdc2-eccf-41fe-8345-e82a51d3269c
2022-02-17,VTI,691,DEL,ATQ,3,50,,,false,,2022-02-17T13:40,2022-02-17T13:47,,,,,,2022-02-17T14:49,Airbus A321,,,,,,,,fbd3cf75-aa42-47d5-8de5-ee8650ba3cd2,8eb49091-e9b4-4422-9a36-9792a06d30cc,8efaad68-a8cb-45c5-b819-dfeb8cbe505b,63f2eaf7-1d01-4dec-885a-3526a493447a,,5904cdc2-eccf-41fe-8345-e82a51d3269c
2022-03-12,IGO,5208,ATQ,BOM,,,1,,false,,2022-03-12T14:05,2022-03-12T14:12,,,,,,2022-03-12T16:40:23,Airbus A321,,,,,,,,1e85b139-2fff-4d58-831d-3b7477392bee,6138dc1e-c866-4da6-bda7-f7f9c9d30784,63f2eaf7-1d01-4dec-885a-3526a493447a,2a6e27e3-f8ac-493e-adef-ee363a722a29,,5904cdc2-eccf-41fe-8345-e82a51d3269c
2022-03-12,IGO,5208,BOM,HYD,1,,,,false,,2022-03-12T17:10,2022-03-12T17:35,,,,,,2022-03-12T19:01,Airbus A321,,,,,,,,e9d0a675-cc88-42b9-b992-c67011c49c46,6138dc1e-c866-4da6-bda7-f7f9c9d30784,2a6e27e3-f8ac-493e-adef-ee363a722a29,7e3ff90d-d508-4b3f-9e19-7c0ea6b603b5,,5904cdc2-eccf-41fe-8345-e82a51d3269c
2022-03-20,IGO,2248,HYD,DEL,,,2,,false,,2022-03-20T13:50,2022-03-20T13:54,,,,,,2022-03-20T15:59,Airbus A320,,,,,,,,25a2d7a2-4062-4251-bc3a-664ba7c1b9b1,6138dc1e-c866-4da6-bda7-f7f9c9d30784,7e3ff90d-d508-4b3f-9e19-7c0ea6b603b5,8efaad68-a8cb-45c5-b819-dfeb8cbe505b,,5abf9f45-a4ac-48dc-bd62-b6b0a6f31bb8
2022-03-20,IGO,2032,DEL,ATQ,2,25,,,false,,2022-03-20T17:25,2022-03-20T17:20,,,,,,2022-03-20T18:27,Airbus A320,,,,,,,,92888614-1283-462c-8769-949364c06443,6138dc1e-c866-4da6-bda7-f7f9c9d30784,8efaad68-a8cb-45c5-b819-dfeb8cbe505b,63f2eaf7-1d01-4dec-885a-3526a493447a,,5abf9f45-a4ac-48dc-bd62-b6b0a6f31bb8
2022-04-27,VTI,692,ATQ,DEL,,,3,,false,,2022-04-27T15:25,2022-04-27T15:45,,,,,2022-04-27T16:40,2022-04-27T17:02,Airbus A321neo,,,,,,,,c2db8feb-c024-4c25-884f-fa3e2b5d3474,8eb49091-e9b4-4422-9a36-9792a06d30cc,63f2eaf7-1d01-4dec-885a-3526a493447a,8efaad68-a8cb-45c5-b819-dfeb8cbe505b,,2e99cd6b-cec7-4ec7-a85e-dbc2b5e25a8f
2022-04-27,VTI,879,DEL,HYD,3,56,,,false,,2022-04-27T17:35,2022-04-27T17:44,,,,,2022-04-27T19:50,2022-04-27T19:58,Airbus A321neo,,,,,,,,7a551c52-7a50-40fa-b815-8aefbcecbdb4,8eb49091-e9b4-4422-9a36-9792a06d30cc,8efaad68-a8cb-45c5-b819-dfeb8cbe505b,7e3ff90d-d508-4b3f-9e19-7c0ea6b603b5,,2e99cd6b-cec7-4ec7-a85e-dbc2b5e25a8f
2022-05-14,AIC,541,HYD,DEL,,,3,,false,,2022-05-14T16:10,2022-05-14T15:59,,,,,,2022-05-14T18:15,Airbus A321,,,,,,,,84ca2892-3f6b-4da0-b2fa-88513c7b498d,b13dde84-41e3-49fa-8a3c-536ee9eda8b0,7e3ff90d-d508-4b3f-9e19-7c0ea6b603b5,8efaad68-a8cb-45c5-b819-dfeb8cbe505b,,5904cdc2-eccf-41fe-8345-e82a51d3269c
2022-05-14,AIC,479,DEL,ATQ,3,27B,,,false,,2022-05-14T21:15,2022-05-14T21:04,,,,,2022-05-14T22:25,2022-05-14T22:16,Airbus A321,,,,,,,,2b25864b-51e5-445b-8919-d70c8a73a4a1,b13dde84-41e3-49fa-8a3c-536ee9eda8b0,8efaad68-a8cb-45c5-b819-dfeb8cbe505b,63f2eaf7-1d01-4dec-885a-3526a493447a,,5904cdc2-eccf-41fe-8345-e82a51d3269c
2022-05-22,VTI,692,ATQ,DEL,,,3,,false,,2022-05-22T15:25,2022-05-22T15:43,,,,,2022-05-22T16:40,2022-05-22T17:09,Airbus A320neo,,,,,,,,5e4964e1-6166-4adb-ac18-7040fceac095,8eb49091-e9b4-4422-9a36-9792a06d30cc,63f2eaf7-1d01-4dec-885a-3526a493447a,8efaad68-a8cb-45c5-b819-dfeb8cbe505b,,fc3bd268-833c-40f4-a74c-9512dabcbe08
2022-05-22,VTI,879,DEL,HYD,3,48,,,false,,2022-05-22T17:35,2022-05-22T17:50,,,,,2022-05-22T19:50,2022-05-22T20:01,Airbus A320neo,,,,,,,,08b868c2-ae01-48d3-9ba3-ab053ee2223a,8eb49091-e9b4-4422-9a36-9792a06d30cc,8efaad68-a8cb-45c5-b819-dfeb8cbe505b,7e3ff90d-d508-4b3f-9e19-7c0ea6b603b5,,fc3bd268-833c-40f4-a74c-9512dabcbe08
2022-07-09,VTI,830,HYD,DEL,,,3,,false,,2022-07-09T10:10,2022-07-09T10:21,,,,,2022-07-09T12:30,2022-07-09T12:42,Airbus A320neo,,,,,,,,f8731303-da74-4975-9268-ca21cdcb69bf,8eb49091-e9b4-4422-9a36-9792a06d30cc,7e3ff90d-d508-4b3f-9e19-7c0ea6b603b5,8efaad68-a8cb-45c5-b819-dfeb8cbe505b,,fc3bd268-833c-40f4-a74c-9512dabcbe08
2022-07-09,VTI,691,DEL,ATQ,3,48,,,false,,2022-07-09T13:40,2022-07-09T13:42,,,,,2022-07-09T14:50,2022-07-09T14:55,Airbus A320neo,,,,,,,,fb12aef2-e947-4cf7-be89-80c0cafd2002,8eb49091-e9b4-4422-9a36-9792a06d30cc,8efaad68-a8cb-45c5-b819-dfeb8cbe505b,63f2eaf7-1d01-4dec-885a-3526a493447a,,fc3bd268-833c-40f4-a74c-9512dabcbe08
2022-07-31,VTI,694,ATQ,DEL,,,3,,false,,2022-07-31T09:45,2022-07-31T09:45,,,,,2022-07-31T11:20,2022-07-31T10:58,Airbus A320neo,,,,,,,,f35d094a-77ea-4313-ad08-180627d010c1,8eb49091-e9b4-4422-9a36-9792a06d30cc,63f2eaf7-1d01-4dec-885a-3526a493447a,8efaad68-a8cb-45c5-b819-dfeb8cbe505b,,fc3bd268-833c-40f4-a74c-9512dabcbe08
2022-07-31,VTI,899,DEL,HYD,3,31A,,,false,,2022-07-31T14:45,2022-07-31T14:53,,,,,2022-07-31T17:00,2022-07-31T17:23,Airbus A320neo,,,,,,,,fc6a3ea6-b82e-46d4-9d0a-85082799b9a6,8eb49091-e9b4-4422-9a36-9792a06d30cc,8efaad68-a8cb-45c5-b819-dfeb8cbe505b,7e3ff90d-d508-4b3f-9e19-7c0ea6b603b5,,fc3bd268-833c-40f4-a74c-9512dabcbe08
2022-10-21,VTI,659,HYD,IXC,,,,,false,,2022-10-21T11:35,2022-10-21T11:23,,,,,2022-10-21T14:05,2022-10-21T13:55,Airbus A320neo,,,,,,,,d7f3ef5b-c2ab-45d0-a5df-82486875c683,8eb49091-e9b4-4422-9a36-9792a06d30cc,7e3ff90d-d508-4b3f-9e19-7c0ea6b603b5,b7ce6631-51f8-423d-996b-72e39b0fa9fb,,fc3bd268-833c-40f4-a74c-9512dabcbe08
2022-11-13,IGO,6262,ATQ,DEL,,,1D,,false,,2022-11-13T12:45,2022-11-13T12:36,,,,,2022-11-13T13:55,2022-11-13T13:37,Airbus A321neo,,,,,,,,13de7789-afd8-42dc-bf30-073b81ee51b9,6138dc1e-c866-4da6-bda7-f7f9c9d30784,63f2eaf7-1d01-4dec-885a-3526a493447a,8efaad68-a8cb-45c5-b819-dfeb8cbe505b,,2e99cd6b-cec7-4ec7-a85e-dbc2b5e25a8f
2022-11-13,IGO,2212,DEL,HYD,2,23,,,false,,2022-11-13T17:15,2022-11-13T16:59,,,,,2022-11-13T19:35,2022-11-13T19:15,Airbus A320neo,,,,,,,,34fa4379-c2ab-4357-a2f7-c416e80a47b1,6138dc1e-c866-4da6-bda7-f7f9c9d30784,8efaad68-a8cb-45c5-b819-dfeb8cbe505b,7e3ff90d-d508-4b3f-9e19-7c0ea6b603b5,,fc3bd268-833c-40f4-a74c-9512dabcbe08
2022-12-01,VTI,870,HYD,DEL,,,3,,false,,2022-12-01T20:30,2022-12-01T20:30,,,,,2022-12-01T22:45,2022-12-01T22:44,Airbus A320,,,,,,,,686b0133-11b0-437b-a39d-c6f083befd88,8eb49091-e9b4-4422-9a36-9792a06d30cc,7e3ff90d-d508-4b3f-9e19-7c0ea6b603b5,8efaad68-a8cb-45c5-b819-dfeb8cbe505b,,5abf9f45-a4ac-48dc-bd62-b6b0a6f31bb8
2022-12-02,IGO,6245,DEL,IXC,1D,,,,false,,2022-12-02T05:00,2022-12-02T05:03,,,,,2022-12-02T06:00,2022-12-02T05:49,Airbus A321neo,,,,,,,,2a89f47b-b392-4554-addc-add11912d041,6138dc1e-c866-4da6-bda7-f7f9c9d30784,8efaad68-a8cb-45c5-b819-dfeb8cbe505b,b7ce6631-51f8-423d-996b-72e39b0fa9fb,,2e99cd6b-cec7-4ec7-a85e-dbc2b5e25a8f
2022-12-03,VTI,638,IXC,DEL,,,3,,false,,2022-12-03T18:50,2022-12-03T18:58,,,,,2022-12-03T19:50,2022-12-03T19:58,Airbus A320neo,,,,,,,,b09038a7-748e-48fb-8959-e5504c1c2cbb,8eb49091-e9b4-4422-9a36-9792a06d30cc,b7ce6631-51f8-423d-996b-72e39b0fa9fb,8efaad68-a8cb-45c5-b819-dfeb8cbe505b,,fc3bd268-833c-40f4-a74c-9512dabcbe08
2022-12-04,VTI,829,DEL,HYD,3,58,,,false,,2022-12-04T07:20,2022-12-04T07:19,,,,,2022-12-04T09:25,2022-12-04T09:36,Airbus A320neo,,,,,,,,123a8cbe-9299-4590-846c-846efd549846,8eb49091-e9b4-4422-9a36-9792a06d30cc,8efaad68-a8cb-45c5-b819-dfeb8cbe505b,7e3ff90d-d508-4b3f-9e19-7c0ea6b603b5,,fc3bd268-833c-40f4-a74c-9512dabcbe08
2022-12-17,BAW,276,HYD,LHR,,,5,,false,,2022-12-17T07:20,2022-12-17T08:13,,,,,2022-12-17T12:40,2022-12-17T13:43,Boeing 787-8,,,,,,,,ba53a31f-0122-4149-9594-aeead533da18,0e7d613e-188c-4d20-95ee-ddc17c17de3d,7e3ff90d-d508-4b3f-9e19-7c0ea6b603b5,5a2a51a0-1a5b-42c9-b220-c61953fac034,,4f948d40-962a-4fdf-b1d9-424282d24f76
2022-12-17,BAW,183,LHR,JFK,5,C61,8,,false,,2022-12-17T19:45,2022-12-17T21:46,,,,,2022-12-17T22:45,2022-12-18T00:49,Boeing 777-200 ER,,,,,,,,77ce6352-e2a1-4bd1-8c47-be7491037433,0e7d613e-188c-4d20-95ee-ddc17c17de3d,5a2a51a0-1a5b-42c9-b220-c61953fac034,fc332185-4dde-4791-b449-0de5e83e47b9,,a0f171e1-86df-426a-8922-e460c0660ae6
2022-12-18,BAW,4597,JFK,AUS,8,3,,24,false,,2022-12-18T08:29,2022-12-18T08:26,,,,,2022-12-18T12:11,2022-12-18T11:32,Boeing 737-800,,,,,,,,2df66bfe-0e6b-4eee-9b7f-1dd008ed058f,0e7d613e-188c-4d20-95ee-ddc17c17de3d,fc332185-4dde-4791-b449-0de5e83e47b9,d63b6bd2-9ed4-447e-914f-ca4d96f28653,,8ad8530e-acd0-42bf-abc5-1e70c4a076bf
2023-01-02,AAL,1149,AUS,DFW,Main,23,A,A14,false,,2023-01-02T18:45,2023-01-02T20:18,,,,,2023-01-02T19:54,2023-01-02T21:39,Airbus A319,,,,,,,,163b261e-5171-44e3-b237-0a57e8f566d1,ae1fc6a5-c42d-4e70-ba63-d641d248d270,d63b6bd2-9ed4-447e-914f-ca4d96f28653,1573100e-e4a3-47b0-9399-01b36074e1f5,,fb8254ff-1d83-4fe1-a147-882c217dfcbe
2023-01-02,AAL,78,DFW,LHR,D,D25A,3,331,false,,2023-01-02T20:43,2023-01-02T22:51,,,,,2023-01-03T11:40,2023-01-03T13:30,Boeing 777-300 ER,,,,,,,,5a9d2b31-4016-4470-93a4-1ab857f456e6,ae1fc6a5-c42d-4e70-ba63-d641d248d270,1573100e-e4a3-47b0-9399-01b36074e1f5,5a2a51a0-1a5b-42c9-b220-c61953fac034,,78eac566-1ad0-4ded-9979-9510dfde05f2
2023-01-03,AIC,128,LHR,BOM,2,B37,2,,false,,2023-01-03T17:25,2023-01-03T17:29:24,,,,,2023-01-04T07:30,,Boeing 787-8,,,,,,,,f9149173-9787-404c-aedf-26a6d65187e9,b13dde84-41e3-49fa-8a3c-536ee9eda8b0,5a2a51a0-1a5b-42c9-b220-c61953fac034,2a6e27e3-f8ac-493e-adef-ee363a722a29,,4f948d40-962a-4fdf-b1d9-424282d24f76
2023-01-04,AIC,617,BOM,HYD,2,,,,false,,2023-01-04T11:00,2023-01-04T11:00,,,,,2023-01-04T12:25,2023-01-04T13:21:37,Airbus A319,,,,,,,,4db81e22-360f-45a3-9ffe-7ccbc46a0123,b13dde84-41e3-49fa-8a3c-536ee9eda8b0,2a6e27e3-f8ac-493e-adef-ee363a722a29,7e3ff90d-d508-4b3f-9e19-7c0ea6b603b5,,fb8254ff-1d83-4fe1-a147-882c217dfcbe
2023-01-30,AKJ,1415,BLR,HYD,1,24,,,false,,2023-01-30T10:05,,,,,,2023-01-30T11:25,2023-01-30T11:19,Boeing 737 MAX 8,,,,,,,,78742d05-4314-4c8e-9bdd-c39a59be4238,f519999d-04d9-4979-b0fd-704c789f4ef1,7b6f50fc-f249-4a6d-8ad8-791f650de9b8,7e3ff90d-d508-4b3f-9e19-7c0ea6b603b5,,5ee1c1db-bf8c-475a-99b0-262bbc7a50b2
2023-03-04,VTI,830,HYD,DEL,,,3,,false,,2023-03-04T10:10,2023-03-04T10:12,,,,,2023-03-04T12:25,2023-03-04T12:19,Airbus A321neo,,,,,,,,8e5aaa40-1966-42d4-8706-f86773a83f49,8eb49091-e9b4-4422-9a36-9792a06d30cc,7e3ff90d-d508-4b3f-9e19-7c0ea6b603b5,8efaad68-a8cb-45c5-b819-dfeb8cbe505b,,2e99cd6b-cec7-4ec7-a85e-dbc2b5e25a8f
2023-03-04,VTI,691,DEL,ATQ,3,39B,,,false,,2023-03-04T13:40,2023-03-04T14:00,,,,,2023-03-04T14:50,2023-03-04T15:11,Airbus A320neo,,,,,,,,93b1b094-c871-450a-9f94-9b49f960e473,8eb49091-e9b4-4422-9a36-9792a06d30cc,8efaad68-a8cb-45c5-b819-dfeb8cbe505b,63f2eaf7-1d01-4dec-885a-3526a493447a,,fc3bd268-833c-40f4-a74c-9512dabcbe08
2023-03-12,VTI,692,ATQ,DEL,,,3,,false,,2023-03-12T15:25,2023-03-12T15:35,,,,,2023-03-12T16:35,2023-03-12T16:50,Airbus A320neo,,,,,,,,1577701a-2a19-48f7-8bec-f207a68049fa,8eb49091-e9b4-4422-9a36-9792a06d30cc,63f2eaf7-1d01-4dec-885a-3526a493447a,8efaad68-a8cb-45c5-b819-dfeb8cbe505b,,fc3bd268-833c-40f4-a74c-9512dabcbe08
2023-03-12,VTI,879,DEL,HYD,3,47,,,false,,2023-03-12T17:35,2023-03-12T17:38,,,,,2023-03-12T19:50,2023-03-12T19:58,Airbus A320neo,,,,,,,,3d321a3b-621b-463a-8cbf-db18b3a6c66f,8eb49091-e9b4-4422-9a36-9792a06d30cc,8efaad68-a8cb-45c5-b819-dfeb8cbe505b,7e3ff90d-d508-4b3f-9e19-7c0ea6b603b5,,fc3bd268-833c-40f4-a74c-9512dabcbe08
2023-04-21,AIC,840,HYD,DEL,,,3,,false,,2023-04-21T20:40,2023-04-21T21:00,,,,,2023-04-21T23:05,,Boeing 777-300 ER,,,,,,,,63e6db04-18b6-422d-88e6-2dff5ca6bd6c,b13dde84-41e3-49fa-8a3c-536ee9eda8b0,7e3ff90d-d508-4b3f-9e19-7c0ea6b603b5,8efaad68-a8cb-45c5-b819-dfeb8cbe505b,,78eac566-1ad0-4ded-9979-9510dfde05f2
2023-04-22,AIC,453,DEL,ATQ,3,,,,false,,2023-04-22T04:55,,,,,,2023-04-22T06:10,,Airbus A321,,,,,,,,bae0a284-963a-4acc-9807-5d6cd69e3d5d,b13dde84-41e3-49fa-8a3c-536ee9eda8b0,8efaad68-a8cb-45c5-b819-dfeb8cbe505b,63f2eaf7-1d01-4dec-885a-3526a493447a,,5904cdc2-eccf-41fe-8345-e82a51d3269c
2023-04-24,VTI,692,ATQ,DEL,,,3,,false,,2023-04-24T15:25,2023-04-24T16:05,,,,,2023-04-24T16:40,2023-04-24T17:16,Airbus A321neo,,,,,,,,ef144026-d4e5-40ab-8082-2ef2c720b6e1,8eb49091-e9b4-4422-9a36-9792a06d30cc,63f2eaf7-1d01-4dec-885a-3526a493447a,8efaad68-a8cb-45c5-b819-dfeb8cbe505b,,2e99cd6b-cec7-4ec7-a85e-dbc2b5e25a8f
2023-04-24,VTI,879,DEL,HYD,3,47,,,false,,2023-04-24T17:35,2023-04-24T18:34,,,,,2023-04-24T19:50,2023-04-24T20:54,Airbus A320neo,,,,,,,,79825736-42f5-4c7c-927f-c8a28cf3b0fc,8eb49091-e9b4-4422-9a36-9792a06d30cc,8efaad68-a8cb-45c5-b819-dfeb8cbe505b,7e3ff90d-d508-4b3f-9e19-7c0ea6b603b5,,fc3bd268-833c-40f4-a74c-9512dabcbe08
2023-04-28,IGO,949,HYD,BLR,,,1,,false,,2023-04-28T23:55,2023-04-29T00:07,,,,,2023-04-29T01:00,2023-04-29T01:13,Airbus A320neo,,,,,,,,4211765f-adb3-4336-a8d0-dcac4fdad5f3,6138dc1e-c866-4da6-bda7-f7f9c9d30784,7e3ff90d-d508-4b3f-9e19-7c0ea6b603b5,7b6f50fc-f249-4a6d-8ad8-791f650de9b8,,fc3bd268-833c-40f4-a74c-9512dabcbe08
2023-04-29,IGO,1055,BLR,BKK,1,42,,,false,,2023-04-29T05:35,2023-04-29T05:25,,,,,2023-04-29T11:20,2023-04-29T10:35,Airbus A320neo,,,,,,,,18dff60b-230c-4cab-95f5-5322c45c6039,6138dc1e-c866-4da6-bda7-f7f9c9d30784,7b6f50fc-f249-4a6d-8ad8-791f650de9b8,548d409f-68f7-4450-aaaf-87133919af6d,,fc3bd268-833c-40f4-a74c-9512dabcbe08
2023-05-05,BKP,253,USM,HKT,,,D,,false,,2023-05-05T11:25,,,,,,2023-05-05T12:25,,ATR 42 / ATR 72,,,,,,,,5f46d953-5d49-4fee-bf41-075718862d3e,15598418-48cf-4cf2-8550-9098ca3cfb3f,10a3abd0-561a-4236-93bd-4ee005beaafa,5c2e8f65-88c9-4917-a076-4043eff8a926,,ab5999d4-6cba-4e8e-9ba4-a0724d0971af
2023-05-07,IGO,1072,HKT,BOM,,,2,,false,,2023-05-07T11:05,2023-05-07T11:00,,,,,2023-05-07T13:55,2023-05-07T14:09,Airbus A321neo,,,,,,,,90b1c227-ca5d-4aaf-8187-e96ee59f159a,6138dc1e-c866-4da6-bda7-f7f9c9d30784,5c2e8f65-88c9-4917-a076-4043eff8a926,2a6e27e3-f8ac-493e-adef-ee363a722a29,,2e99cd6b-cec7-4ec7-a85e-dbc2b5e25a8f
2023-05-07,IGO,6571,BOM,HYD,2,,,,false,,2023-05-07T17:20,2023-05-07T17:55,,,,,2023-05-07T18:50,2023-05-07T19:26,Airbus A320,,,,,,,,e502b093-7d79-4441-a610-67aabf69a032,6138dc1e-c866-4da6-bda7-f7f9c9d30784,2a6e27e3-f8ac-493e-adef-ee363a722a29,7e3ff90d-d508-4b3f-9e19-7c0ea6b603b5,,5abf9f45-a4ac-48dc-bd62-b6b0a6f31bb8
2023-07-04,VTI,890,HYD,DEL,,,3,,false,,2023-07-04T17:40,2023-07-04T18:39,,,,,2023-07-04T19:55,2023-07-04T21:36,Airbus A320neo,,,,,,,,5695a96b-12ce-4880-b736-64aa7681b782,8eb49091-e9b4-4422-9a36-9792a06d30cc,7e3ff90d-d508-4b3f-9e19-7c0ea6b603b5,8efaad68-a8cb-45c5-b819-dfeb8cbe505b,,fc3bd268-833c-40f4-a74c-9512dabcbe08
2023-07-09,VTI,707,IXC,DEL,,,3,,false,,2023-07-09T15:30,2023-07-09T15:30,,,,,2023-07-09T16:30,2023-07-09T16:35,Airbus A321neo,,,,,,,,7619e998-92f7-41b5-bc99-883671c9bd56,8eb49091-e9b4-4422-9a36-9792a06d30cc,b7ce6631-51f8-423d-996b-72e39b0fa9fb,8efaad68-a8cb-45c5-b819-dfeb8cbe505b,,2e99cd6b-cec7-4ec7-a85e-dbc2b5e25a8f
2023-07-09,VTI,879,DEL,HYD,3,39A,,,false,,2023-07-09T17:35,2023-07-09T17:49,,,,,2023-07-09T19:50,2023-07-09T20:06,Airbus A320neo,,,,,,,,df07a56d-cfa4-42c4-a3ab-aa9cce99a6f7,8eb49091-e9b4-4422-9a36-9792a06d30cc,8efaad68-a8cb-45c5-b819-dfeb8cbe505b,7e3ff90d-d508-4b3f-9e19-7c0ea6b603b5,,fc3bd268-833c-40f4-a74c-9512dabcbe08
2023-08-12,VTI,830,HYD,DEL,,,3,,false,,2023-08-12T10:10,2023-08-12T10:23,,,,,2023-08-12T12:30,2023-08-12T12:45,Airbus A321neo,,,,,,,,ffa70b90-ad0e-48a1-83d3-24ef2c2ca9e0,8eb49091-e9b4-4422-9a36-9792a06d30cc,7e3ff90d-d508-4b3f-9e19-7c0ea6b603b5,8efaad68-a8cb-45c5-b819-dfeb8cbe505b,,2e99cd6b-cec7-4ec7-a85e-dbc2b5e25a8f
2023-08-12,IGO,2235,DEL,ATQ,2,20,,,false,,2023-08-12T19:20,2023-08-12T19:30,,,,,2023-08-12T20:30,2023-08-12T20:33,Airbus A320neo,,,,,,,,c445075a-c97f-401f-bb50-098bc1d515e9,6138dc1e-c866-4da6-bda7-f7f9c9d30784,8efaad68-a8cb-45c5-b819-dfeb8cbe505b,63f2eaf7-1d01-4dec-885a-3526a493447a,,fc3bd268-833c-40f4-a74c-9512dabcbe08
2023-09-02,VTI,694,ATQ,DEL,,,3,,false,,2023-09-02T10:15,2023-09-02T10:09,,,,,2023-09-02T11:30,2023-09-02T11:18,Airbus A320neo,,,,,,,,6085fbbc-05e1-41f8-bc5b-11471d232ad5,8eb49091-e9b4-4422-9a36-9792a06d30cc,63f2eaf7-1d01-4dec-885a-3526a493447a,8efaad68-a8cb-45c5-b819-dfeb8cbe505b,,fc3bd268-833c-40f4-a74c-9512dabcbe08
2023-09-02,VTI,899,DEL,HYD,3,43,,,false,,2023-09-02T14:45,2023-09-02T14:55:02,,,,,2023-09-02T17:00,,Airbus A320neo,,,,,,,,be0c72f1-b07f-4d1f-9eac-80b7be6f555a,8eb49091-e9b4-4422-9a36-9792a06d30cc,8efaad68-a8cb-45c5-b819-dfeb8cbe505b,7e3ff90d-d508-4b3f-9e19-7c0ea6b603b5,,fc3bd268-833c-40f4-a74c-9512dabcbe08
2023-09-23,VTI,860,HYD,DEL,,,3,,false,,2023-09-23T07:00,2023-09-23T06:52,,,,,2023-09-23T08:55,2023-09-23T09:20,Airbus A320neo,,,,,,,,b5d4c0b4-dd03-4dbb-b960-ac1577877144,8eb49091-e9b4-4422-9a36-9792a06d30cc,7e3ff90d-d508-4b3f-9e19-7c0ea6b603b5,8efaad68-a8cb-45c5-b819-dfeb8cbe505b,,fc3bd268-833c-40f4-a74c-9512dabcbe08
2023-09-23,AIC,491,DEL,ATQ,3,28A,,,false,,2023-09-23T10:50,2023-09-23T11:13:06,,,,,2023-09-23T12:00,,Airbus A320,,,,,,,,33f2eafc-81b9-4b5a-864f-94c2e731ff81,b13dde84-41e3-49fa-8a3c-536ee9eda8b0,8efaad68-a8cb-45c5-b819-dfeb8cbe505b,63f2eaf7-1d01-4dec-885a-3526a493447a,,5abf9f45-a4ac-48dc-bd62-b6b0a6f31bb8
2023-10-02,AIC,492,ATQ,DEL,,,3,,false,,2023-10-02T12:40,2023-10-02T12:40:06,,,,,2023-10-02T13:50,,Airbus A320,,,,,,,,1164e0cf-8587-4479-996d-0b0c2d93056e,b13dde84-41e3-49fa-8a3c-536ee9eda8b0,63f2eaf7-1d01-4dec-885a-3526a493447a,8efaad68-a8cb-45c5-b819-dfeb8cbe505b,,5abf9f45-a4ac-48dc-bd62-b6b0a6f31bb8
2023-10-02,VTI,879,DEL,HYD,3,36,,,false,,2023-10-02T17:35,2023-10-02T17:39,,,,,2023-10-02T19:50,2023-10-02T19:58,Airbus A320neo,,,,,,,,17ee2aaf-6862-443d-b57b-88b8ae4659ef,8eb49091-e9b4-4422-9a36-9792a06d30cc,8efaad68-a8cb-45c5-b819-dfeb8cbe505b,7e3ff90d-d508-4b3f-9e19-7c0ea6b603b5,,fc3bd268-833c-40f4-a74c-9512dabcbe08
2023-11-09,AIC,559,HYD,DEL,,,3,,false,,2023-11-09T06:15,2023-11-09T06:30,,,,,2023-11-09T08:35,,Airbus A320neo,,,,,,,,70452ea4-006e-4d3a-9646-6cc16ea2c913,b13dde84-41e3-49fa-8a3c-536ee9eda8b0,7e3ff90d-d508-4b3f-9e19-7c0ea6b603b5,8efaad68-a8cb-45c5-b819-dfeb8cbe505b,,fc3bd268-833c-40f4-a74c-9512dabcbe08
2023-11-09,AIC,491,DEL,ATQ,3,27B,,,false,,2023-11-09T11:20,2023-11-09T11:32,,,,,2023-11-09T12:25,,Airbus A320,,,,,,,,0161c6ba-9987-4fe9-abc5-f02134fa9f0e,b13dde84-41e3-49fa-8a3c-536ee9eda8b0,8efaad68-a8cb-45c5-b819-dfeb8cbe505b,63f2eaf7-1d01-4dec-885a-3526a493447a,,5abf9f45-a4ac-48dc-bd62-b6b0a6f31bb8
2023-11-20,VTI,692,ATQ,DEL,,,T3,,false,,2023-11-20T15:25,2023-11-20T15:29,,,,,2023-11-20T16:35,2023-11-20T16:49,Airbus A320neo,,,,,,,,893f58d2-25b8-4405-9ecb-293cced0e4dc,8eb49091-e9b4-4422-9a36-9792a06d30cc,63f2eaf7-1d01-4dec-885a-3526a493447a,8efaad68-a8cb-45c5-b819-dfeb8cbe505b,,fc3bd268-833c-40f4-a74c-9512dabcbe08
2023-11-20,VTI,879,DEL,HYD,3,56,,,false,,2023-11-20T17:35,2023-11-20T17:39,,,,,2023-11-20T19:50,2023-11-20T19:56,Airbus A320neo,,,,,,,,5d7540a3-c02f-42c7-ac9e-c3de824be9aa,8eb49091-e9b4-4422-9a36-9792a06d30cc,8efaad68-a8cb-45c5-b819-dfeb8cbe505b,7e3ff90d-d508-4b3f-9e19-7c0ea6b603b5,,fc3bd268-833c-40f4-a74c-9512dabcbe08
2023-12-21,AXB,954,HYD,ATQ,,,,,false,DEL,2023-12-21T07:30,2023-12-21T07:24,,,,,2023-12-21T10:15,,Boeing 737 MAX 8,,,,,,,,61c977e2-1dc1-468e-95ab-a8d51b772ee1,257050f1-8e24-4589-b604-0ab7339731e2,7e3ff90d-d508-4b3f-9e19-7c0ea6b603b5,63f2eaf7-1d01-4dec-885a-3526a493447a,8efaad68-a8cb-45c5-b819-dfeb8cbe505b,5ee1c1db-bf8c-475a-99b0-262bbc7a50b2
2024-01-07,AXB,953,ATQ,HYD,,,,,false,,2024-01-07T11:00,2024-01-07T10:58,,,,,2024-01-07T14:00,2024-01-07T13:34,Boeing 737 MAX 8,,,,,,,,17215e92-65c0-44ef-a046-0033ba275107,257050f1-8e24-4589-b604-0ab7339731e2,63f2eaf7-1d01-4dec-885a-3526a493447a,7e3ff90d-d508-4b3f-9e19-7c0ea6b603b5,,5ee1c1db-bf8c-475a-99b0-262bbc7a50b2
2024-01-26,IGO,5146,HYD,BOM,,,1,,false,,2024-01-26T07:50,2024-01-26T07:45,,,,,2024-01-26T09:20,2024-01-26T09:14,Airbus A321neo,,,,,,,,206cbdcc-bbed-4695-a891-79dff6590bde,6138dc1e-c866-4da6-bda7-f7f9c9d30784,7e3ff90d-d508-4b3f-9e19-7c0ea6b603b5,2a6e27e3-f8ac-493e-adef-ee363a722a29,,2e99cd6b-cec7-4ec7-a85e-dbc2b5e25a8f
2024-01-28,AKJ,1642,BOM,HYD,1,,,,false,,2024-01-28T17:10,2024-01-28T17:48,,,,,2024-01-28T18:50,2024-01-28T19:14,Boeing 737 MAX 8,,,,,,,,fe294f8d-f99f-4473-90cc-40ddaea3ea7b,f519999d-04d9-4979-b0fd-704c789f4ef1,2a6e27e3-f8ac-493e-adef-ee363a722a29,7e3ff90d-d508-4b3f-9e19-7c0ea6b603b5,,5ee1c1db-bf8c-475a-99b0-262bbc7a50b2
2024-03-24,VTI,874,HYD,BOM,,9,2,,false,,2024-03-24T08:30,2024-03-24T08:17,,,,,2024-03-24T10:20,2024-03-24T09:59,Airbus A320neo,,,,,,,,56439722-8b80-4b30-9363-7ccbc024abf1,8eb49091-e9b4-4422-9a36-9792a06d30cc,7e3ff90d-d508-4b3f-9e19-7c0ea6b603b5,2a6e27e3-f8ac-493e-adef-ee363a722a29,,fc3bd268-833c-40f4-a74c-9512dabcbe08
2024-03-27,VTI,843,BOM,GOI,2,,,,false,,2024-03-27T20:50,2024-03-27T21:11,,,,,2024-03-27T22:10,2024-03-27T22:31,Airbus A320neo,,,,,,,,554e503f-129a-40d2-b01d-9f3f3a5c9ba3,8eb49091-e9b4-4422-9a36-9792a06d30cc,2a6e27e3-f8ac-493e-adef-ee363a722a29,605b0d4b-564d-4918-b90b-671b6ec5ac41,,fc3bd268-833c-40f4-a74c-9512dabcbe08
2024-03-31,IGO,6973,GOX,HYD,,,,,false,,2024-03-31T14:45,2024-03-31T14:38,,,,,2024-03-31T15:55,2024-03-31T15:46,Airbus A320neo,,,,,,,,f703d86b-0fcd-4c02-b1f1-6a491f12721e,6138dc1e-c866-4da6-bda7-f7f9c9d30784,32879230-c079-41f3-b90f-92d25b60d24c,7e3ff90d-d508-4b3f-9e19-7c0ea6b603b5,,fc3bd268-833c-40f4-a74c-9512dabcbe08
2024-04-06,AXB,954,HYD,ATQ,,107,,,false,,2024-04-06T07:30,2024-04-06T07:42,,,,,2024-04-06T10:15,,Boeing 737 MAX 8,,,,,,,,d7ff5bd5-7c78-4cbe-9c14-ffed6df96f5c,257050f1-8e24-4589-b604-0ab7339731e2,7e3ff90d-d508-4b3f-9e19-7c0ea6b603b5,63f2eaf7-1d01-4dec-885a-3526a493447a,,5ee1c1db-bf8c-475a-99b0-262bbc7a50b2
2024-04-07,AIC,485,DEL,IXZ,3,46,,,false,,2024-04-07T05:30,2024-04-07T05:46,,,,,2024-04-07T09:05,,Airbus A320neo,,,,,,,,f7382641-d873-4a0d-b420-d153e26f722d,b13dde84-41e3-49fa-8a3c-536ee9eda8b0,8efaad68-a8cb-45c5-b819-dfeb8cbe505b,b38c59ea-5317-4bd2-97f2-938ed33e6cf2,,fc3bd268-833c-40f4-a74c-9512dabcbe08
2024-04-07,AIC,492,ATQ,DEL,,,3,,false,,2024-04-07T13:00,2024-04-07T13:05,,,,,2024-04-07T14:15,2024-04-07T14:14,Boeing 787-8,,,,,,,,d293a049-84aa-4463-9520-eccf57bdba83,b13dde84-41e3-49fa-8a3c-536ee9eda8b0,63f2eaf7-1d01-4dec-885a-3526a493447a,8efaad68-a8cb-45c5-b819-dfeb8cbe505b,,4f948d40-962a-4fdf-b1d9-424282d24f76
2024-04-08,AIC,485,DEL,VTZ,3,33,,,false,,2024-04-08T05:25,2024-04-08T05:23,,,,,2024-04-08T07:40,,Airbus A320neo,,,,,,,,528b8527-d0dc-4db7-9d61-7122f4b6e78f,b13dde84-41e3-49fa-8a3c-536ee9eda8b0,8efaad68-a8cb-45c5-b819-dfeb8cbe505b,e5f12ffb-991d-4218-9b1f-94537286b7cf,,fc3bd268-833c-40f4-a74c-9512dabcbe08
2024-04-08,AIC,485,VTZ,IXZ,,,,,false,,2024-04-08T08:15,2024-04-08T08:07,,,,,2024-04-08T10:20,,Airbus A320neo,,,,,,,,3eee95a2-2ba6-4c20-9748-fe62f6eccd48,b13dde84-41e3-49fa-8a3c-536ee9eda8b0,e5f12ffb-991d-4218-9b1f-94537286b7cf,b38c59ea-5317-4bd2-97f2-938ed33e6cf2,,fc3bd268-833c-40f4-a74c-9512dabcbe08
2024-04-13,VTI,778,IXZ,CCU,,,,,false,,2024-04-13T12:15,2024-04-13T12:13,,,,,2024-04-13T14:35,2024-04-13T14:28,Airbus A320neo,,,,,,,,286512f0-1ab7-46f6-a0ff-35ab63ca2a68,8eb49091-e9b4-4422-9a36-9792a06d30cc,b38c59ea-5317-4bd2-97f2-938ed33e6cf2,f4050829-ba10-4ff6-9a83-e723cd7d2277,,fc3bd268-833c-40f4-a74c-9512dabcbe08
2024-04-13,VTI,778,CCU,DEL,,,T3,,false,,2024-04-13T15:20,2024-04-13T15:14,,,,,2024-04-13T17:50,2024-04-13T18:28,Airbus A320neo,,,,,,,,af8f58c8-759e-4b97-8ce3-e7e137f5dbe5,8eb49091-e9b4-4422-9a36-9792a06d30cc,f4050829-ba10-4ff6-9a83-e723cd7d2277,8efaad68-a8cb-45c5-b819-dfeb8cbe505b,,fc3bd268-833c-40f4-a74c-9512dabcbe08
2024-04-13,AIC,479,DEL,ATQ,T3,34A,,,false,,2024-04-13T21:15,2024-04-13T21:52,,,,,2024-04-13T22:30,,Airbus A321,,,,,,,,c3adc90e-5630-46b6-a46f-88f3589c1cf2,b13dde84-41e3-49fa-8a3c-536ee9eda8b0,8efaad68-a8cb-45c5-b819-dfeb8cbe505b,63f2eaf7-1d01-4dec-885a-3526a493447a,,5904cdc2-eccf-41fe-8345-e82a51d3269c
2024-04-21,AXB,953,ATQ,HYD,,,,,false,,2024-04-21T10:45,2024-04-21T10:40,,,,,2024-04-21T13:45,,Boeing 737 MAX 8,,,,,,,,c5436f9b-b718-4d0b-8eb4-563420963db0,257050f1-8e24-4589-b604-0ab7339731e2,63f2eaf7-1d01-4dec-885a-3526a493447a,7e3ff90d-d508-4b3f-9e19-7c0ea6b603b5,,5ee1c1db-bf8c-475a-99b0-262bbc7a50b2
2024-06-14,AXB,954,HYD,ATQ,,,,,false,,2024-06-14T07:10,2024-06-14T07:08,,,,,2024-06-14T10:05,2024-06-14T09:54,Boeing 737 MAX 8,,,,,,,,242e3ee6-9f19-4c8d-a486-f5fc3d83cea2,257050f1-8e24-4589-b604-0ab7339731e2,7e3ff90d-d508-4b3f-9e19-7c0ea6b603b5,63f2eaf7-1d01-4dec-885a-3526a493447a,,5ee1c1db-bf8c-475a-99b0-262bbc7a50b2
2024-06-23,AXB,1955,ATQ,HYD,,,,,false,,2024-06-23T15:45,2024-06-23T16:46,,,,,2024-06-23T18:45,2024-06-23T19:44,Boeing 737 MAX 8,,,,,,,,33a6ad1c-a61f-4de5-adaa-f2af0f448d36,257050f1-8e24-4589-b604-0ab7339731e2,63f2eaf7-1d01-4dec-885a-3526a493447a,7e3ff90d-d508-4b3f-9e19-7c0ea6b603b5,,5ee1c1db-bf8c-475a-99b0-262bbc7a50b2
2024-08-31,AXB,1953,HYD,ATQ,,,,,false,,2024-08-31T12:20,2024-08-31T12:44,,,,,2024-08-31T15:15,2024-08-31T15:22,Boeing 737 MAX 8,,,,,,,,ffeb5c7e-745f-4702-8de6-50d570dbd519,257050f1-8e24-4589-b604-0ab7339731e2,7e3ff90d-d508-4b3f-9e19-7c0ea6b603b5,63f2eaf7-1d01-4dec-885a-3526a493447a,,5ee1c1db-bf8c-475a-99b0-262bbc7a50b2
2024-09-21,AIC,492,ATQ,DEL,,,3,,false,,2024-09-21T13:00,2024-09-21T13:23,,,,,2024-09-21T14:15,2024-09-21T14:43,Airbus A320neo,,,,,ECONOMY,,,0af0e46d-324d-4703-8e31-e0a7516179b2,b13dde84-41e3-49fa-8a3c-536ee9eda8b0,63f2eaf7-1d01-4dec-885a-3526a493447a,8efaad68-a8cb-45c5-b819-dfeb8cbe505b,,fc3bd268-833c-40f4-a74c-9512dabcbe08
2024-09-25,VTI,697,DEL,ATQ,3,45,,,false,,2024-09-25T08:30,2024-09-25T08:24,,,,,2024-09-25T09:40,2024-09-25T09:34,Airbus A320neo,,5UN7K8,24E,MIDDLE,ECONOMY,,,6b8d32cd-19f8-4150-bddb-2ed46308b415,8eb49091-e9b4-4422-9a36-9792a06d30cc,8efaad68-a8cb-45c5-b819-dfeb8cbe505b,63f2eaf7-1d01-4dec-885a-3526a493447a,,fc3bd268-833c-40f4-a74c-9512dabcbe08
2024-11-16,AIC,454,ATQ,DEL,,,3,,false,,2024-11-16T06:50,2024-11-16T10:29,,,,,2024-11-16T08:05,2024-11-16T12:14,Airbus A321,,W49HPL,23A,,ECONOMY,,,3a869708-007e-4214-93ef-c70a2a757ddb,b13dde84-41e3-49fa-8a3c-536ee9eda8b0,63f2eaf7-1d01-4dec-885a-3526a493447a,8efaad68-a8cb-45c5-b819-dfeb8cbe505b,,5904cdc2-eccf-41fe-8345-e82a51d3269c
2024-11-18,AIC,461,DEL,ATQ,3,28B,,,false,,2024-11-18T14:15,2024-11-18T14:55,,,,,2024-11-18T15:30,2024-11-18T16:15,Airbus A321,,,,,,,,05d58432-7f2c-4cfe-8cce-4879c6e58e05,b13dde84-41e3-49fa-8a3c-536ee9eda8b0,8efaad68-a8cb-45c5-b819-dfeb8cbe505b,63f2eaf7-1d01-4dec-885a-3526a493447a,,5904cdc2-eccf-41fe-8345-e82a51d3269c
2024-11-23,AIC,2698,ATQ,DEL,,,3,,false,,2024-11-23T20:20,2024-11-23T20:20,,,,,2024-11-23T21:55,2024-11-23T21:32,Airbus A320neo,,Q59QAD,3,WINDOW,PREMIUM_ECONOMY,,,347fe8f5-0f1e-4f94-9188-59d33681c5fa,b13dde84-41e3-49fa-8a3c-536ee9eda8b0,63f2eaf7-1d01-4dec-885a-3526a493447a,8efaad68-a8cb-45c5-b819-dfeb8cbe505b,,fc3bd268-833c-40f4-a74c-9512dabcbe08
2024-11-24,AXB,1116,DEL,IXR,3,31A,,,false,,2024-11-24T08:10,2024-11-24T08:16,,,,,2024-11-24T10:00,,Airbus A320,,,5,WINDOW,ECONOMY,,,2ca363eb-e627-4aa0-b895-28fdfc5af6e0,257050f1-8e24-4589-b604-0ab7339731e2,8efaad68-a8cb-45c5-b819-dfeb8cbe505b,961e92f3-5bff-4a62-8f6c-f69b00a98e6e,,dd390a1f-e92a-4411-ab72-04db16d42030
2024-11-26,AIC,2754,IXR,DEL,,,3,,false,,2024-11-26T15:50,2024-11-26T15:40,,,,,2024-11-26T18:00,2024-11-26T17:45,Airbus A320neo,,,11,AISLE,ECONOMY,,,8ba03e81-04df-44b0-a63a-43b69a4c8356,b13dde84-41e3-49fa-8a3c-536ee9eda8b0,961e92f3-5bff-4a62-8f6c-f69b00a98e6e,8efaad68-a8cb-45c5-b819-dfeb8cbe505b,,fc3bd268-833c-40f4-a74c-9512dabcbe08
2024-11-26,AIC,479,DEL,ATQ,3,43,,,false,,2024-11-26T21:20,2024-11-27T00:03,,,,,2024-11-26T22:35,2024-11-27T01:14,Airbus A321,,WBN8MK,16F,WINDOW,ECONOMY,,,1663a3e8-a191-4b89-92cc-6d022e5631d6,b13dde84-41e3-49fa-8a3c-536ee9eda8b0,8efaad68-a8cb-45c5-b819-dfeb8cbe505b,63f2eaf7-1d01-4dec-885a-3526a493447a,,5904cdc2-eccf-41fe-8345-e82a51d3269c
2024-12-25,IGO,6164,ATQ,SXR,,,,,false,,2024-12-25T09:20,2024-12-25T09:14,,,,,2024-12-25T10:15,2024-12-25T10:01,Airbus A320neo,,A66CFK,2,WINDOW,ECONOMY,LEISURE,,4c70ba1f-f460-4432-94c5-44517a8c059a,6138dc1e-c866-4da6-bda7-f7f9c9d30784,63f2eaf7-1d01-4dec-885a-3526a493447a,a957698d-9f5c-4ecb-8d6e-82a195a203d9,,fc3bd268-833c-40f4-a74c-9512dabcbe08
2024-12-29,IGO,478,SXR,ATQ,,,,,false,,2024-12-29T14:45,2024-12-29T14:39,,,,,2024-12-29T15:45,2024-12-29T15:35,Airbus A320neo,,,,,,,,fef2f748-1e7a-4dc6-98da-423bea9b2787,6138dc1e-c866-4da6-bda7-f7f9c9d30784,a957698d-9f5c-4ecb-8d6e-82a195a203d9,63f2eaf7-1d01-4dec-885a-3526a493447a,,fc3bd268-833c-40f4-a74c-9512dabcbe08
2025-01-12,IGO,478,ATQ,BLR,,,1,40,false,,2025-01-12T16:15,2025-01-12T16:13,,,,,2025-01-12T19:20,2025-01-12T19:07,Airbus A320neo,,E5LLVA,3,WINDOW,ECONOMY,BUSINESS,,985e01c2-173f-493b-b1c0-de8a76b3532c,6138dc1e-c866-4da6-bda7-f7f9c9d30784,63f2eaf7-1d01-4dec-885a-3526a493447a,7b6f50fc-f249-4a6d-8ad8-791f650de9b8,,fc3bd268-833c-40f4-a74c-9512dabcbe08
2025-01-14,IGO,650,BLR,ATQ,1,20,,,false,,2025-01-14T16:50,2025-01-14T16:38,,,,,2025-01-14T20:10,2025-01-14T19:40,Airbus A320neo,,E5LLVA,2A,WINDOW,ECONOMY,BUSINESS,,da5655ad-db39-4452-a7c3-372bff269af7,6138dc1e-c866-4da6-bda7-f7f9c9d30784,7b6f50fc-f249-4a6d-8ad8-791f650de9b8,63f2eaf7-1d01-4dec-885a-3526a493447a,,fc3bd268-833c-40f4-a74c-9512dabcbe08
2025-03-08,AIC,498,ATQ,DEL,,,3,,false,,2025-03-08T15:25,2025-03-08T15:16,,,,,2025-03-08T16:35,2025-03-08T16:30,Airbus A321,,55E5IH,,,ECONOMY,,,ab01faf9-73c2-4a97-8f85-bf29deeadf67,b13dde84-41e3-49fa-8a3c-536ee9eda8b0,63f2eaf7-1d01-4dec-885a-3526a493447a,8efaad68-a8cb-45c5-b819-dfeb8cbe505b,,5904cdc2-eccf-41fe-8345-e82a51d3269c
2025-03-09,AIC,544,DEL,HYD,3,30,,,false,,2025-03-09T16:15,2025-03-09T16:20,,,,,2025-03-09T18:35,2025-03-09T18:24,Airbus A350-900,,VXR9BA,4A,WINDOW,BUSINESS,,,22c07ab2-980e-43b9-9348-d8497ee3bc65,b13dde84-41e3-49fa-8a3c-536ee9eda8b0,8efaad68-a8cb-45c5-b819-dfeb8cbe505b,7e3ff90d-d508-4b3f-9e19-7c0ea6b603b5,,0f7e0145-14a5-4c47-aa84-f03b1ff28cd0
2025-03-14,AIC,2874,HYD,BOM,,18,2,,false,,2025-03-14T09:30,2025-03-14T09:27,,,,,2025-03-14T11:25,,Airbus A320neo,,V9H3VH,3A,WINDOW,PREMIUM_ECONOMY,LEISURE,,15b11db6-0e86-438b-9d3a-5f4ae8711af0,b13dde84-41e3-49fa-8a3c-536ee9eda8b0,7e3ff90d-d508-4b3f-9e19-7c0ea6b603b5,2a6e27e3-f8ac-493e-adef-ee363a722a29,,fc3bd268-833c-40f4-a74c-9512dabcbe08
2025-03-15,AXB,1215,BOM,GOI,2,,,,false,,2025-03-15T12:10,2025-03-15T12:11,,,,,2025-03-15T13:20,,Airbus A320,,,,,,,,1a4fc21f-d085-42f2-9e12-83d626624a3d,257050f1-8e24-4589-b604-0ab7339731e2,2a6e27e3-f8ac-493e-adef-ee363a722a29,605b0d4b-564d-4918-b90b-671b6ec5ac41,,dd390a1f-e92a-4411-ab72-04db16d42030
2025-03-18,IGO,2029,GOI,DEL,,,2,,false,,2025-03-18T19:25,,,,,,2025-03-18T22:10,2025-03-18T21:46,Airbus A321neo,,,,,,,,ba8f7dea-b66b-42bb-b260-0be61e80b233,6138dc1e-c866-4da6-bda7-f7f9c9d30784,605b0d4b-564d-4918-b90b-671b6ec5ac41,8efaad68-a8cb-45c5-b819-dfeb8cbe505b,,2e99cd6b-cec7-4ec7-a85e-dbc2b5e25a8f
2025-03-20,AIC,495,DEL,ATQ,3,44B,,,false,,2025-03-20T08:20,2025-03-20T08:28,,,,,2025-03-20T09:40,,Airbus A321neo,,55EPCE,,,ECONOMY,,,44da9e99-2671-4161-b277-700da1002178,b13dde84-41e3-49fa-8a3c-536ee9eda8b0,8efaad68-a8cb-45c5-b819-dfeb8cbe505b,63f2eaf7-1d01-4dec-885a-3526a493447a,,2e99cd6b-cec7-4ec7-a85e-dbc2b5e25a8f
2025-04-10,TGW,513,ATQ,SIN,,,1,D34,false,,2025-04-10T19:40,2025-04-10T20:18,,,,,2025-04-11T04:25,,Boeing 787-8,,,,,,,,a164ef62-c205-44fa-91da-c37669edbe2b,446c3088-b05f-4f6f-8c7d-fa945859c8b7,63f2eaf7-1d01-4dec-885a-3526a493447a,0408c509-a410-4361-806b-eebecfea9bc1,,4f948d40-962a-4fdf-b1d9-424282d24f76
2025-04-11,TGW,280,SIN,DPS,1,D32,I,,false,,2025-04-11T07:10,2025-04-11T07:23,,,,,2025-04-11T09:50,,Boeing 787-8,,,,,,,,8f04ae76-a04e-4191-a8fd-5115d86ffeda,446c3088-b05f-4f6f-8c7d-fa945859c8b7,0408c509-a410-4361-806b-eebecfea9bc1,1894a933-e86f-4202-8ba9-fd44f73ae562,,4f948d40-962a-4fdf-b1d9-424282d24f76
2025-04-16,TGW,281,DPS,SIN,I,,1,C23,false,,2025-04-16T10:50,2025-04-16T11:37,,,,,2025-04-16T13:30,,Boeing 787-9,,,,,,,,e3ee540e-a709-478d-9c36-26e6a8bace82,446c3088-b05f-4f6f-8c7d-fa945859c8b7,1894a933-e86f-4202-8ba9-fd44f73ae562,0408c509-a410-4361-806b-eebecfea9bc1,,c4910e5e-2c05-4d17-bc08-fa0c8c0b77d9
2025-04-16,TGW,512,SIN,ATQ,1,D48,,,false,,2025-04-16T15:10,2025-04-16T15:24,,,,,2025-04-16T18:40,,Boeing 787-8,,,,,,,,7471a818-b4dc-4099-9fe3-d7d65d5a81ac,446c3088-b05f-4f6f-8c7d-fa945859c8b7,0408c509-a410-4361-806b-eebecfea9bc1,63f2eaf7-1d01-4dec-885a-3526a493447a,,4f948d40-962a-4fdf-b1d9-424282d24f76
2025-07-13,AIC,496,ATQ,DEL,MAIN,3,T3,,false,,2025-07-13T08:25,2025-07-13T08:22,,,,,2025-07-13T09:40,2025-07-13T09:39,Airbus A320neo,,,,,,,,ab7dcfa7-7db0-4929-b485-01ec3756be94,b13dde84-41e3-49fa-8a3c-536ee9eda8b0,63f2eaf7-1d01-4dec-885a-3526a493447a,8efaad68-a8cb-45c5-b819-dfeb8cbe505b,,fc3bd268-833c-40f4-a74c-9512dabcbe08
2025-07-14,KLM,872,DEL,AMS,T3,7A,3,E9,false,,2025-07-14T03:55,2025-07-14T03:46,,,,,2025-07-14T09:35,2025-07-14T09:21,Boeing 787-10,,,,,,,,a557d09e-2e7b-4dd6-898d-ab3a374aeb0f,23930f39-7220-4a4b-a01e-3ab5508ca9f0,8efaad68-a8cb-45c5-b819-dfeb8cbe505b,f671c076-61b7-4572-8abb-359aaadaafd4,,7ee6dd4c-86a8-412a-8fd3-9dc79c771bc9
2025-07-14,KLM,667,AMS,AUS,2,F6,Main,3,false,,2025-07-14T12:40,2025-07-14T12:55,,,,,2025-07-14T16:00,2025-07-14T16:20,Boeing 787-9,,,,,,,,5473883c-7264-4e89-9432-f737d39653d1,23930f39-7220-4a4b-a01e-3ab5508ca9f0,f671c076-61b7-4572-8abb-359aaadaafd4,d63b6bd2-9ed4-447e-914f-ca4d96f28653,,c4910e5e-2c05-4d17-bc08-fa0c8c0b77d9
2025-07-18,AAL,2294,AUS,MIA,Main,30,C,E5,false,,2025-07-18T07:00,2025-07-18T06:53,,,,,2025-07-18T10:52,2025-07-18T10:52,Boeing 737 MAX 8,,,,,,,,65afa2a5-56b4-4b06-8822-e5b8fcb131ca,ae1fc6a5-c42d-4e70-ba63-d641d248d270,d63b6bd2-9ed4-447e-914f-ca4d96f28653,2a44ac82-ae36-48d1-87c0-e8cbb31ce45f,,5ee1c1db-bf8c-475a-99b0-262bbc7a50b2
2025-07-18,AAL,2899,MIA,TPA,N,D26,,F80,false,,2025-07-18T12:04,2025-07-18T11:58,,,,,2025-07-18T13:11,2025-07-18T13:03,Boeing 737-800,,,,,,,,976090db-a678-4a4b-8756-59897382b9c3,ae1fc6a5-c42d-4e70-ba63-d641d248d270,2a44ac82-ae36-48d1-87c0-e8cbb31ce45f,af50854a-e728-4e40-885b-d8b73b69f6e8,,8ad8530e-acd0-42bf-abc5-1e70c4a076bf
2025-07-20,AAL,2510,TPA,MIA,,F84,N,D25,false,,2025-07-20T19:16,2025-07-20T20:39,,,,,2025-07-20T20:33,2025-07-20T21:34,Boeing 737-800,,,,,,,,182a0a33-2b09-449d-9486-e65692774f67,ae1fc6a5-c42d-4e70-ba63-d641d248d270,af50854a-e728-4e40-885b-d8b73b69f6e8,2a44ac82-ae36-48d1-87c0-e8cbb31ce45f,,8ad8530e-acd0-42bf-abc5-1e70c4a076bf
2025-07-20,AAL,1427,MIA,AUS,N,D45,Main,24,false,,2025-07-20T22:15,2025-07-20T23:20,,,,,2025-07-21T00:14,2025-07-21T02:01,Airbus A319,,,,,,,,2ea24bd6-4bc4-4741-825a-85f1cc77eed7,ae1fc6a5-c42d-4e70-ba63-d641d248d270,2a44ac82-ae36-48d1-87c0-e8cbb31ce45f,d63b6bd2-9ed4-447e-914f-ca4d96f28653,,fb8254ff-1d83-4fe1-a147-882c217dfcbe
2025-07-26,KLM,668,AUS,AMS,Main,6,2,D2,false,,2025-07-26T18:00,2025-07-26T18:11,,,,,2025-07-27T10:30,2025-07-27T10:09,Boeing 787-10,,,,,,,,f8b32951-b731-4b6e-8bc8-0f7243e1054b,23930f39-7220-4a4b-a01e-3ab5508ca9f0,d63b6bd2-9ed4-447e-914f-ca4d96f28653,f671c076-61b7-4572-8abb-359aaadaafd4,,7ee6dd4c-86a8-412a-8fd3-9dc79c771bc9
2025-07-27,KLM,871,AMS,DEL,2,F6,3,,false,,2025-07-27T14:20,2025-07-27T16:38,,,,,2025-07-28T01:55,2025-07-28T03:51,Boeing 787-10,,,,,,,,a48907af-d653-4024-beb2-10a8a32fddbf,23930f39-7220-4a4b-a01e-3ab5508ca9f0,f671c076-61b7-4572-8abb-359aaadaafd4,8efaad68-a8cb-45c5-b819-dfeb8cbe505b,,7ee6dd4c-86a8-412a-8fd3-9dc79c771bc9
2025-07-28,AIC,495,DEL,ATQ,3,,,,false,,2025-07-28T06:35,2025-07-28T07:44,,,,,2025-07-28T07:45,2025-07-28T08:58,Airbus A321,,,,,,,,7143e290-42a3-4ba8-ae2c-58b7c659d15d,b13dde84-41e3-49fa-8a3c-536ee9eda8b0,8efaad68-a8cb-45c5-b819-dfeb8cbe505b,63f2eaf7-1d01-4dec-885a-3526a493447a,,5904cdc2-eccf-41fe-8345-e82a51d3269c
2025-08-22,AIC,454,ATQ,DEL,,3,3,,false,,2025-08-22T06:40,2025-08-22T06:28,,,,,2025-08-22T07:55,2025-08-22T07:47,Airbus A320neo,,,3A,WINDOW,PREMIUM_ECONOMY,,,ae1c978e-7da4-42b1-8014-ca4cf0f84987,b13dde84-41e3-49fa-8a3c-536ee9eda8b0,63f2eaf7-1d01-4dec-885a-3526a493447a,8efaad68-a8cb-45c5-b819-dfeb8cbe505b,,fc3bd268-833c-40f4-a74c-9512dabcbe08
2025-08-23,AIC,491,DEL,ATQ,3,37A,,,false,,2025-08-23T09:10,2025-08-23T09:27,,,,,2025-08-23T10:30,2025-08-23T10:39,Airbus A320neo,,,3D,AISLE,PREMIUM_ECONOMY,,,b298eef0-9675-4ba6-91bc-deece2cbae54,b13dde84-41e3-49fa-8a3c-536ee9eda8b0,8efaad68-a8cb-45c5-b819-dfeb8cbe505b,63f2eaf7-1d01-4dec-885a-3526a493447a,,fc3bd268-833c-40f4-a74c-9512dabcbe08
2026-01-17,AIC,422,ATQ,DEL,,,3,,false,,2026-01-17T14:15,2026-01-17T15:10,,,,,2026-01-17T15:40,2026-01-17T16:25,Boeing 787-8,,95NF5C,,,ECONOMY,BUSINESS,,d3a0411e-7aad-4fbf-b484-48fd94c1525c,b13dde84-41e3-49fa-8a3c-536ee9eda8b0,63f2eaf7-1d01-4dec-885a-3526a493447a,8efaad68-a8cb-45c5-b819-dfeb8cbe505b,,4f948d40-962a-4fdf-b1d9-424282d24f76
2026-01-31,AIC,479,DEL,ATQ,3,37A,,,false,,2026-01-31T20:10,2026-01-31T20:22,,,,,2026-01-31T21:20,2026-01-31T21:12,Airbus A321,,9YZZ6V,3A,WINDOW,BUSINESS,BUSINESS,,feb8813a-055d-457c-a9d8-0c968d606423,b13dde84-41e3-49fa-8a3c-536ee9eda8b0,8efaad68-a8cb-45c5-b819-dfeb8cbe505b,63f2eaf7-1d01-4dec-885a-3526a493447a,,5904cdc2-eccf-41fe-8345-e82a51d3269c
2026-04-19,AIC,1826,ATQ,DEL,,,2,,false,,2026-04-19T12:20,2026-04-19T12:21,,,,,2026-04-19T13:35,2026-04-19T13:35,Airbus A320neo,,8HULY7,27A,WINDOW,ECONOMY,LEISURE,,ee0083fc-9f11-456d-af8c-1b7973f2409c,b13dde84-41e3-49fa-8a3c-536ee9eda8b0,63f2eaf7-1d01-4dec-885a-3526a493447a,8efaad68-a8cb-45c5-b819-dfeb8cbe505b,,fc3bd268-833c-40f4-a74c-9512dabcbe08
2026-04-25,AIC,1826,ATQ,DEL,,,2,,false,,2026-04-25T12:20,2026-04-25T12:21,,,,,2026-04-25T13:35,2026-04-25T13:30,Airbus A320neo,,9FYU5C,27D,AISLE,ECONOMY,LEISURE,,34e854d3-b6c5-4952-95b3-2ab2b5bdd61c,b13dde84-41e3-49fa-8a3c-536ee9eda8b0,63f2eaf7-1d01-4dec-885a-3526a493447a,8efaad68-a8cb-45c5-b819-dfeb8cbe505b,,fc3bd268-833c-40f4-a74c-9512dabcbe08
2026-04-26,UAE,513,DEL,DXB,T3,24,T3,,false,,2026-04-26T04:25,2026-04-26T04:18,,,,,2026-04-26T06:25,2026-04-26T05:59,Boeing 777-300 ER,,MI4RZF,18K,WINDOW,ECONOMY,LEISURE,,2b3e516b-5a52-4298-b410-4ead3b89339f,daa8b561-0aed-4a16-ace4-f13fa6c6ea21,8efaad68-a8cb-45c5-b819-dfeb8cbe505b,e8b51cb0-c41d-4224-b842-7f69655f8076,,78eac566-1ad0-4ded-9979-9510dfde05f2
2026-04-26,UAE,29,DXB,LHR,3,A12,3,,false,,2026-04-26T08:45,2026-04-26T09:00,,,,,2026-04-26T14:25,2026-04-26T14:56,Airbus A380-800,,MI4RZF,55C,AISLE,ECONOMY,LEISURE,,34143a7b-2be2-4e0a-89a1-a086a52a5026,daa8b561-0aed-4a16-ace4-f13fa6c6ea21,e8b51cb0-c41d-4224-b842-7f69655f8076,5a2a51a0-1a5b-42c9-b220-c61953fac034,,c0d25858-9057-4fec-bd89-0c18fd4489d3
2026-05-01,RYR,347,STN,MAD,T1,30,T1,,false,,2026-05-01T08:40,2026-05-01T08:40,,,,,2026-05-01T12:10,2026-05-01T13:42,Boeing 737 MAX 8,,U6QP6U,,,,,,4faff4fe-b9f7-4896-8f34-d254afa4f2bd,89ad0292-b411-46f2-a3ad-27896d1be60b,d96781d4-9fa4-4b33-b1e3-f2b4444740fa,f6e9455f-8a6d-4806-89c4-18c09a750f00,,5ee1c1db-bf8c-475a-99b0-262bbc7a50b2
2026-05-02,RYR,2066,MAD,IBZ,2,C44,TIBZ,,false,,2026-05-02T18:15,2026-05-02T18:15,,,,,2026-05-02T19:35,2026-05-02T19:54,Boeing 737-800,,MTZF3C,1A,WINDOW,ECONOMY,LEISURE,,6bc834b6-eda2-4d89-8bce-1bfff1c9315d,89ad0292-b411-46f2-a3ad-27896d1be60b,f6e9455f-8a6d-4806-89c4-18c09a750f00,9217a22a-cd1f-42f9-a51e-5fe340dd39c1,,8ad8530e-acd0-42bf-abc5-1e70c4a076bf
2026-05-04,RYR,8554,IBZ,STN,1,15,,59,false,,2026-05-04T10:10,2026-05-04T10:08,,,,,2026-05-04T11:40,2026-05-04T11:26,Boeing 737 MAX 8,,,,,,,,22b24d6f-0199-41ab-bdf6-837621907f10,89ad0292-b411-46f2-a3ad-27896d1be60b,9217a22a-cd1f-42f9-a51e-5fe340dd39c1,d96781d4-9fa4-4b33-b1e3-f2b4444740fa,,5ee1c1db-bf8c-475a-99b0-262bbc7a50b2
2026-05-13,ETD,68,LHR,AUH,4,10,A,B10,false,,2026-05-13T21:45,2026-05-13T23:06,,,,,2026-05-14T07:40,2026-05-14T09:01,Airbus A350-1000,,9DWVVT,26H,AISLE,ECONOMY,,,92969fe2-e4cf-4cd1-9bb2-0171c9bdfa34,4d3bca9e-92ed-4ba9-b15d-9adf90c8a57b,5a2a51a0-1a5b-42c9-b220-c61953fac034,1f275af7-54af-4898-b7d6-4c0caa2b7eb6,,471867c0-706e-4127-b1aa-ff84ebeae8f3
2026-05-14,ETD,216,AUH,DEL,A,C27,3,,false,,2026-05-14T14:10,2026-05-14T14:18,,,,,2026-05-14T19:20,2026-05-14T19:02,Boeing 787-9,,9DWVVT,34A,WINDOW,ECONOMY,,,a4b3ecd7-b74c-43f3-b020-e8a91622d588,4d3bca9e-92ed-4ba9-b15d-9adf90c8a57b,1f275af7-54af-4898-b7d6-4c0caa2b7eb6,8efaad68-a8cb-45c5-b819-dfeb8cbe505b,,c4910e5e-2c05-4d17-bc08-fa0c8c0b77d9
2026-05-15,AIC,479,DEL,ATQ,3,56,,,false,,2026-05-15T21:15,2026-05-15T21:12,,,,,2026-05-15T22:30,2026-05-15T22:32,Airbus A321,,9LSO3T,,,,,,f8bb670b-ec4e-4cb7-ab8c-5fa374aa774e,b13dde84-41e3-49fa-8a3c-536ee9eda8b0,8efaad68-a8cb-45c5-b819-dfeb8cbe505b,63f2eaf7-1d01-4dec-885a-3526a493447a,,5904cdc2-eccf-41fe-8345-e82a51d3269c
2026-06-22,AIC,1884,ATQ,DEL,MAIN,,T2,,false,,2026-06-22T07:05,2026-06-22T07:02,,,,,2026-06-22T08:25,2026-06-22T08:18,Airbus A320neo,,7N7679,11 C,AISLE,ECONOMY,BUSINESS,,6c0afc2b-7fdc-4f13-a2f8-c7e46f134c3f,b13dde84-41e3-49fa-8a3c-536ee9eda8b0,63f2eaf7-1d01-4dec-885a-3526a493447a,8efaad68-a8cb-45c5-b819-dfeb8cbe505b,,fc3bd268-833c-40f4-a74c-9512dabcbe08
2026-06-23,IGO,3,DEL,LHR,T3,22A,T3,,false,,2026-06-23T10:50,2026-06-23T10:40,,,,,2026-06-23T17:45,2026-06-23T17:14,Boeing 787-9,,L9ERGZ,16C,AISLE,ECONOMY,LEISURE,,1dd01d5c-b500-4d23-9ab9-7a1d698c64a1,6138dc1e-c866-4da6-bda7-f7f9c9d30784,8efaad68-a8cb-45c5-b819-dfeb8cbe505b,5a2a51a0-1a5b-42c9-b220-c61953fac034,,c4910e5e-2c05-4d17-bc08-fa0c8c0b77d9
2026-07-07,AIC,162,LHR,DEL,2,B35,3,,false,,2026-07-07T09:45,2026-07-07T09:52,,,,,2026-07-08T00:45,2026-07-08T00:42,Airbus A350-900,,8XL7Q7,23A,WINDOW,ECONOMY,LEISURE,,88107d85-5b42-4de6-9e94-83481defd82a,b13dde84-41e3-49fa-8a3c-536ee9eda8b0,5a2a51a0-1a5b-42c9-b220-c61953fac034,8efaad68-a8cb-45c5-b819-dfeb8cbe505b,,0f7e0145-14a5-4c47-aa84-f03b1ff28cd0
2026-07-08,AIC,1703,DEL,ATQ,T2,T21,MAIN,,false,,2026-07-08T05:10,2026-07-08T05:05,,,,,2026-07-08T06:25,2026-07-08T06:14,Airbus A320neo,,,,,,,,c93c306a-d0f9-4304-861c-5d4417f719e5,b13dde84-41e3-49fa-8a3c-536ee9eda8b0,8efaad68-a8cb-45c5-b819-dfeb8cbe505b,63f2eaf7-1d01-4dec-885a-3526a493447a,,fc3bd268-833c-40f4-a74c-9512dabcbe08
2026-08-02,IGO,5414,ATQ,DEL,MAIN,,T3,,false,,2026-08-02T08:05,2026-08-02T08:04,,,,,2026-08-02T09:15,2026-08-02T09:11,Airbus A321neo,,F7EGWF,1F,WINDOW,PREMIUM_ECONOMY,LEISURE,,8eb8a98d-fea6-41fc-b300-280dc3e6e231,6138dc1e-c866-4da6-bda7-f7f9c9d30784,63f2eaf7-1d01-4dec-885a-3526a493447a,8efaad68-a8cb-45c5-b819-dfeb8cbe505b,,2e99cd6b-cec7-4ec7-a85e-dbc2b5e25a8f
2026-08-04,AAL,293,DEL,JFK,T3,22,T8,12,false,,2026-08-04T23:30,2026-08-04T23:44,,,,,2026-08-05T05:59,2026-08-05T05:33,Boeing 787-9,,ELGNVB,36D,AISLE,ECONOMY,LEISURE,,28e86c79-9804-415f-ac23-5bfa076aa396,ae1fc6a5-c42d-4e70-ba63-d641d248d270,8efaad68-a8cb-45c5-b819-dfeb8cbe505b,fc332185-4dde-4791-b449-0de5e83e47b9,,c4910e5e-2c05-4d17-bc08-fa0c8c0b77d9
2026-08-05,AAL,810,JFK,AUS,8,40,Main,24,false,,2026-08-05T08:20,2026-08-05T08:18,,,,,2026-08-05T11:25,2026-08-05T11:47,Boeing 737 MAX 8,,ELGNVB,29F,WINDOW,ECONOMY,LEISURE,,42297b66-c823-424c-aa27-6229fda021e7,ae1fc6a5-c42d-4e70-ba63-d641d248d270,fc332185-4dde-4791-b449-0de5e83e47b9,d63b6bd2-9ed4-447e-914f-ca4d96f28653,,5ee1c1db-bf8c-475a-99b0-262bbc7a50b2
2026-08-18,SWA,993,AUS,MCI,Main,19,,B64,false,,2026-08-18T15:30,2026-08-18T15:27,,,,,2026-08-18T17:25,2026-08-18T17:41,Boeing 737-700,,AB5AJI,,,,,,6bbf6237-4b12-4ba3-b289-cf82dcee4960,be4c4286-2c02-4dca-86d4-56e19aa348f7,d63b6bd2-9ed4-447e-914f-ca4d96f28653,bd6062aa-a329-43e4-b684-82b0e7579c91,,886c3a0c-c7a3-4205-982f-35cddc765ae1
2026-08-22,FFT,3375,MCI,DEN,,A14,Main,A81,false,,2026-08-22T13:38,2026-08-22T13:29,,,,,2026-08-22T14:43,2026-08-22T14:13,Airbus A320neo,,NII3GT,,,,,,858fdb6f-e322-45d4-8981-ffde1c43c022,382ef70a-2039-46de-bdbd-5b8aa0aeb0f7,bd6062aa-a329-43e4-b684-82b0e7579c91,d00b5728-0678-4689-b660-fe9e583203dc,,fc3bd268-833c-40f4-a74c-9512dabcbe08
2026-08-22,FFT,1816,DEN,AUS,Main,A83,Main,37,false,,2026-08-22T16:14,2026-08-22T18:17,,,,,2026-08-22T19:30,2026-08-22T21:27,Airbus A320neo,,NII3GT,,,,,,1107f0a2-4698-4b42-ab5b-cc2b0cb66ab6,382ef70a-2039-46de-bdbd-5b8aa0aeb0f7,d00b5728-0678-4689-b660-fe9e583203dc,d63b6bd2-9ed4-447e-914f-ca4d96f28653,,fc3bd268-833c-40f4-a74c-9512dabcbe08
2026-09-05,AAL,763,AUS,JFK,Main,26,8,41,false,,2026-09-05T12:23,2026-09-05T12:17,,,,,2026-09-05T17:20,2026-09-05T17:15,Boeing 737 MAX 8,,ELGNVB,10C,AISLE,ECONOMY,,,a66cb1a3-e938-4dfd-8aa9-5cd31612dbe7,ae1fc6a5-c42d-4e70-ba63-d641d248d270,d63b6bd2-9ed4-447e-914f-ca4d96f28653,fc332185-4dde-4791-b449-0de5e83e47b9,,5ee1c1db-bf8c-475a-99b0-262bbc7a50b2
2026-09-05,AAL,292,JFK,DEL,8,46,3,22,false,,2026-09-05T21:00,2026-09-05T20:56,,,,,2026-09-06T21:00,2026-09-06T20:04,Boeing 787-9,,ELGNVB,36J,AISLE,ECONOMY,,,8b5788d0-309d-484d-b393-145349dd539b,ae1fc6a5-c42d-4e70-ba63-d641d248d270,fc332185-4dde-4791-b449-0de5e83e47b9,8efaad68-a8cb-45c5-b819-dfeb8cbe505b,,c4910e5e-2c05-4d17-bc08-fa0c8c0b77d9
2026-09-11,AIC,479,DEL,ATQ,3,47,,,false,,2026-09-11T21:15,2026-09-11T21:23,,,,,2026-09-11T22:30,2026-09-11T22:37,Airbus A320neo,,9KEYXG,6B,AISLE,PREMIUM_ECONOMY,,,aebade80-2e4a-4c3c-845e-1decde25d696,b13dde84-41e3-49fa-8a3c-536ee9eda8b0,8efaad68-a8cb-45c5-b819-dfeb8cbe505b,63f2eaf7-1d01-4dec-885a-3526a493447a,,fc3bd268-833c-40f4-a74c-9512dabcbe08
